mice_name,session_date,day_init,experiment_type,session_path,day_index,baseline_im,baseline_im_voltage_file,flag_baseline_im,BMI_im,BMI_im_voltage_file,flag_BMI_im,Holostim_seq_im,Holostim_seq_im_voltage_file,flag_Holostim_seq_im,Pretrain_im,flag_Pretrain_im,holoMask_gpl_file,XML_ensemble,baseline_mat_file,workspace_mat_file,Bot_ensemble,GPL_candidates,strcMask_mat_file,mainProt_file,Bot_candidates,GPL_ensemble,XML_holostim_seq,Holostim_seq_mat_files,XML_candidates,roi_mat_file,BMI_target,Flag_BMITarget,target_calibration,Flag_target_calibration,Pretrain_mat_files,BMI_mat_file,Flag_BMI
NVI12,190930,D5,hE2_rew,190930/NVI12/D5,0,baseline/baseline_190930T132925-002,baseline_190930T132925-002_Cycle00001_VoltageRecording_001.csv,,BMI/BMI_190930T144211-006,BMI_190930T144211-006_Cycle00001_VoltageRecording_001.csv,,holostim/holostim_seq_190930T132217-001,holostim_seq_190930T132217-001_Cycle00001_VoltageRecording_001.csv,,HoloVTA_pretrain/HoloVTA_pretrain_190930T135132-003,,holoMask.gpl,XML_ens.xml,BaselineOnline190930T132923.mat,workspace.mat,BOT_ens.cfg,GPL_candidates_holoMask.gpl,strcMask.mat,mainProt_single_channel.m,BOT_candidates.cfg,GPL_ens.gpl,seq_single_stim.xml,holostim_seq190930T132349.mat,XML_candidates.xml,roi_data.mat,,190930/NVI12/D5,,190930/NVI12/D5,BMI_online190930T143340.mat,BMI_online190930T152419.mat,
NVI12,191001,D6,hE2_rew,191001/NVI12/D6,1,baseline/baseline_191001T132801-003,baseline_191001T132801-003_Cycle00001_VoltageRecording_001.csv,,BMI/BMI_191001T144316-005,BMI_191001T144316-005_Cycle00001_VoltageRecording_001.csv,,holostim/holostim_seq_191001T131054-002,holostim_seq_191001T131054-002_Cycle00001_VoltageRecording_001.csv,,HoloVTA_pretrain/HoloVTA_pretrain_191001T135739-004,,holoMask.gpl,XML_ens.xml,BaselineOnline191001T132759.mat,workspace.mat,BOT_ens.cfg,GPL_candidates_holoMask.gpl,strcMask.mat,mainProt_single_channel.m,BOT_candidates.cfg,GPL_ens.gpl,seq_single_stim.xml,holostim_seq191001T131249.mat,XML_candidates.xml,roi_data.mat,BMI_target_info_20191001T135333.mat,,target_calibration_ALL_20191001T135333.mat,,BMI_online191001T143947.mat,BMI_online191001T152524.mat,
NVI12,191003,D8,hE2_rew,191003/NVI12/D8,2,baseline/baseline_191003T132816-003,baseline_191003T132816-003_Cycle00001_VoltageRecording_001.csv,,BMI/BMI_191003T144806-012,BMI_191003T144806-012_Cycle00001_VoltageRecording_001.csv,,holostim/holostim_seq_191003T132058-002,holostim_seq_191003T132058-002_Cycle00001_VoltageRecording_001.csv,,HoloVTA_pretrain/HoloVTA_pretrain_191003T140417-011,,holoMask.gpl,XML_ens.xml,BaselineOnline191003T132813.mat,workspace.mat,BOT_ens.cfg,GPL_candidates_holoMask.gpl,strcMask.mat,mainProt_single_channel.m,BOT_candidates.cfg,GPL_ens.gpl,seq_single_stim.xml,holostim_seq191003T132244.mat,XML_candidates.xml,roi_data.mat,BMI_target_info_20191003T135930.mat,,target_calibration_ALL_20191003T135930.mat,,BMI_online191003T144655.mat,BMI_online191003T153014.mat,
NVI12,191005,D10,hE2_rew,191005/NVI12/D10,3,baseline/baseline_191005T133751-002,baseline_191005T133751-002_Cycle00001_VoltageRecording_001.csv,,BMI/BMI_191005T151131-006,BMI_191005T151131-006_Cycle00001_VoltageRecording_001.csv,,holostim/holostim_seq_191005T131637-001,holostim_seq_191005T131637-001_Cycle00001_VoltageRecording_001.csv,,HoloVTA_pretrain/HoloVTA_pretrain_191005T140650-003,,holoMask.gpl,XML_ens.xml,BaselineOnline191005T133748.mat,workspace.mat,BOT_ens.cfg,GPL_candidates_holoMask.gpl,strcMask.mat,mainProt_single_channel.m,BOT_candidates.cfg,GPL_ens.gpl,seq_single_stim.xml,holostim_seq191005T132012.mat,XML_candidates.xml,roi_data.mat,BMI_target_info_20191005T140501.mat,,target_calibration_ALL_20191005T140501.mat,,BMI_online191005T145353.mat,BMI_online191005T155340.mat,
NVI12,191007,D12,hE2_rew,191007/NVI12/D12,4,baseline/baseline_191007T133542-002,baseline_191007T133542-002_Cycle00001_VoltageRecording_001.csv,,,BMI_191007T145714-004_Cycle00001_VoltageRecording_001.csv,191007/NVI12/D12,holostim/holostim_seq_191007T131708-001,holostim_seq_191007T131708-001_Cycle00001_VoltageRecording_001.csv,,HoloVTA_pretrain/HoloVTA_pretrain_191007T135729-003,,holoMask.gpl,XML_ens.xml,BaselineOnline191007T133539.mat,workspace.mat,BOT_ens.cfg,GPL_candidates_holoMask.gpl,strcMask.mat,mainProt_single_channel.m,BOT_candidates.cfg,GPL_ens.gpl,seq_single_stim.xml,holostim_seq191007T131924.mat,XML_candidates.xml,roi_data.mat,BMI_target_info_20191007T135419.mat,,target_calibration_ALL_20191007T135419.mat,,,,191007/NVI12/D12
NVI12,191009,D14,hE2_rew,191009/NVI12/D14,5,baseline/baseline_191009T134546-002,baseline_191009T134546-002_Cycle00001_VoltageRecording_001.csv,,BMI/BMI_no_reward_191009T153425-005,BMI_no_reward_191009T153425-005_Cycle00001_VoltageRecording_001.csv,,holostim/holostim_seq_191009T133507-001,holostim_seq_191009T133507-001_Cycle00001_VoltageRecording_001.csv,,HoloVTA_pretrain/HoloVTA_pretrain_191009T140601-003,,holoMask.gpl,XML_ens.xml,BaselineOnline191009T134543.mat,workspace.mat,BOT_ens.cfg,GPL_candidates_holoMask.gpl,strcMask.mat,mainProt_single_channel.m,BOT_candidates.cfg,GPL_ens.gpl,seq_single_stim.xml,holostim_seq191009T133726.mat,XML_candidates.xml,roi_data.mat,BMI_target_info_20191009T140400.mat,,target_calibration_ALL_20191009T140400.mat,,,,191009/NVI12/D14
NVI12,191011,D16,hE2_rew,191011/NVI12/D16,6,baseline/baseline_191011T130449-003,baseline_191011T130449-003_Cycle00001_VoltageRecording_001.csv,,BMI/BMI_191011T143032-005,BMI_191011T143032-005_Cycle00001_VoltageRecording_001.csv,,holostim/holostim_seq_191011T125350-002,holostim_seq_191011T125350-002_Cycle00001_VoltageRecording_001.csv,,HoloVTA_pretrain/HoloVTA_pretrain_191011T132641-004,,holoMask.gpl,XML_ens.xml,BaselineOnline191011T130447.mat,workspace.mat,BOT_ens.cfg,GPL_candidates_holoMask.gpl,strcMask.mat,mainProt_single_channel.m,BOT_candidates.cfg,GPL_ens.gpl,seq_single_stim.xml,holostim_seq191011T125653.mat,XML_candidates.xml,roi_data.mat,BMI_target_info_20191011T132219.mat,,target_calibration_ALL_20191011T132219.mat,,BMI_online191011T142733.mat,BMI_online191011T151240.mat,
NVI12,191013,D18,hE2_rew,191013/NVI12/D18,7,baseline/baseline_191013T124755-002,baseline_191013T124755-002_Cycle00001_VoltageRecording_001.csv,,BMI/BMI_191013T142502-005,BMI_191013T142502-005_Cycle00001_VoltageRecording_001.csv,,holostim/holostim_seq_191013T123719-001,holostim_seq_191013T123719-001_Cycle00001_VoltageRecording_001.csv,,HoloVTA_pretrain/HoloVTA_pretrain_191013T132319-003,,holoMask.gpl,XML_ens.xml,BaselineOnline191013T124753.mat,workspace.mat,BOT_ens.cfg,GPL_candidates_holoMask.gpl,strcMask.mat,mainProt_single_channel.m,BOT_candidates.cfg,GPL_ens.gpl,seq_single_stim.xml,holostim_seq191013T124009.mat,XML_candidates.xml,roi_data.mat,BMI_target_info_20191013T131949.mat,,target_calibration_ALL_20191013T131949.mat,,BMI_online191013T140717.mat,BMI_online191013T150710.mat,
NVI12,191031,D31,hE2_rew,191031/NVI12/D31,8,baseline/baseline_191031T125801-041,baseline_191031T125801-041_Cycle00001_VoltageRecording_001.csv,,BMI/BMI_191031T141348-045,BMI_191031T141348-045_Cycle00001_VoltageRecording_001.csv,,holostim/holostim_seq_191031T125159-040,holostim_seq_191031T125159-040_Cycle00001_VoltageRecording_001.csv,,HoloVTA_pretrain/HoloVTA_pretrain_191031T132400-044,,holoMask.gpl,XML_ens.xml,BaselineOnline191031T125758.mat,workspace.mat,BOT_ens.cfg,GPL_candidates_holoMask.gpl,strcMask.mat,mainProt_single_channel_fb.m,BOT_candidates.cfg,GPL_ens.gpl,seq_single_stim.xml,holostim_seq191031T125335.mat,XML_candidates.xml,roi_data.mat,BMI_target_info_20191031T131647.mat,,target_calibration_ALL_20191031T131647.mat,,BMI_online191031T141139.mat,BMI_online191031T145556.mat,
NVI12,191102,D33,hE2_rew,191102/NVI12/D33,9,baseline/baseline_191102T125501-073,baseline_191102T125501-073_Cycle00001_VoltageRecording_001.csv,,BMI/BMI_191102T141326-075,BMI_191102T141326-075_Cycle00001_VoltageRecording_001.csv,,holostim/holostim_seq_191102T124650-072,holostim_seq_191102T124650-072_Cycle00001_VoltageRecording_001.csv,,HoloVTA_pretrain/HoloVTA_pretrain_191102T132426-074,,holoMask.gpl,XML_ens.xml,BaselineOnline191102T125458.mat,workspace.mat,BOT_ens.cfg,GPL_candidates_holoMask.gpl,strcMask.mat,mainProt_single_channel_fb.m,BOT_candidates.cfg,GPL_ens.gpl,seq_single_stim.xml,holostim_seq191102T124816.mat,XML_candidates.xml,roi_data.mat,BMI_target_info_20191102T132221.mat,,target_calibration_ALL_20191102T132221.mat,,BMI_online191102T141149.mat,BMI_online191102T145533.mat,
NVI12,191104,D35,hE2_rew,191104/NVI12/D35,10,baseline/baseline_191104T133306-017,baseline_191104T133306-017_Cycle00001_VoltageRecording_001.csv,,BMI/BMI_191104T145427-020,BMI_191104T145427-020_Cycle00001_VoltageRecording_001.csv,,holostim/holostim_seq_191104T132711-016,holostim_seq_191104T132711-016_Cycle00001_VoltageRecording_001.csv,,HoloVTA_pretrain/HoloVTA_pretrain_191104T135141-018,,holoMask.gpl,XML_ens.xml,BaselineOnline191104T133304.mat,workspace.mat,BOT_ens.cfg,GPL_candidates_holoMask.gpl,strcMask.mat,mainProt_single_channel_fb.m,BOT_candidates.cfg,GPL_ens.gpl,seq_single_stim.xml,holostim_seq191104T132820.mat,XML_candidates.xml,roi_data.mat,BMI_target_info_20191104T135025.mat,,target_calibration_ALL_20191104T135025.mat,,BMI_online191104T144002.mat,BMI_online191104T153635.mat,
NVI12,191025,D25,hE2_rew,191025/NVI12/D25,11,baseline/baseline_191025T133441-088,baseline_191025T133441-088_Cycle00001_VoltageRecording_001.csv,,BMI/BMI_191025T145853-093,BMI_191025T145853-093_Cycle00001_VoltageRecording_001.csv,,holostim/holostim_seq_191025T132800-087,holostim_seq_191025T132800-087_Cycle00001_VoltageRecording_001.csv,,,191025/NVI12/D25,holoMask.gpl,XML_ens.xml,BaselineOnline191025T133439.mat,workspace.mat,BOT_ens.cfg,GPL_candidates_holoMask.gpl,strcMask.mat,mainProt_single_channel.m,BOT_candidates.cfg,GPL_ens.gpl,seq_single_stim.xml,holostim_seq191025T132909.mat,XML_candidates.xml,roi_data.mat,BMI_target_info_20191025T135252.mat,,target_calibration_ALL_20191025T135252.mat,,,,191025/NVI12/D25
NVI12,191015,D20,hE2_rew,191015/NVI12/D20,12,baseline/baseline_191015T121715-005,baseline_191015T121715-005_Cycle00001_VoltageRecording_001.csv,,BMI/BMI_191015T135202-007,BMI_191015T135202-007_Cycle00001_VoltageRecording_001.csv,,holostim/holostim_seq_191015T120522-004,holostim_seq_191015T120522-004_Cycle00001_VoltageRecording_001.csv,,HoloVTA_pretrain/HoloVTA_pretrain_191015T130755-006,,holoMask.gpl,XML_ens.xml,BaselineOnline191015T121713.mat,workspace.mat,BOT_ens.cfg,GPL_candidates_holoMask.gpl,strcMask.mat,mainProt_single_channel.m,BOT_candidates.cfg,GPL_ens.gpl,seq_single_stim.xml,holostim_seq191015T120657.mat,XML_candidates.xml,roi_data.mat,,,target_calibration_ALL_20191015T130455.mat,,,,
NVI12,191017,D22,hE2_rew,191017/NVI12/D22,13,baseline/baseline_191017T130629-040,baseline_191017T130629-040_Cycle00001_VoltageRecording_001.csv,,BMI/BMI_191017T150901-044,BMI_191017T150901-044_Cycle00001_VoltageRecording_001.csv,,holostim/holostim_seq_191017T125045-039,holostim_seq_191017T125045-039_Cycle00001_VoltageRecording_001.csv,,HoloVTA_pretrain/HoloVTA_pretrain_191017T135155-041,,holoMask.gpl,XML_ens.xml,BaselineOnline191017T130627.mat,workspace.mat,BOT_ens.cfg,GPL_candidates_holoMask.gpl,strcMask.mat,mainProt_single_channel.m,BOT_candidates.cfg,GPL_ens.gpl,seq_single_stim.xml,holostim_seq191017T125247.mat,XML_candidates.xml,roi_data.mat,BMI_target_info_20191017T134909.mat,,target_calibration_ALL_20191017T134909.mat,,BMI_online191017T143638.mat,BMI_online191017T155109.mat,
NVI12,191016,D21,hE2_rew,191016/NVI12/D21,14,baseline/baseline_191016T135944-022,baseline_191016T135944-022_Cycle00001_VoltageRecording_001.csv,,BMI/BMI_191016T155025-028,BMI_191016T155025-028_Cycle00001_VoltageRecording_001.csv,,,holostim_seq_191016T134939-021_Cycle00001_VoltageRecording_001.csv,191016/NVI12/D21,,191016/NVI12/D21,holoMask.gpl,XML_ens.xml,BaselineOnline191016T135942.mat,workspace.mat,BOT_ens.cfg,GPL_candidates_holoMask.gpl,strcMask.mat,mainProt_single_channel.m,BOT_candidates.cfg,GPL_ens.gpl,seq_single_stim.xml,holostim_seq191016T135058.mat,XML_candidates.xml,roi_data.mat,BMI_target_info_20191016T144149.mat,,target_calibration_ALL_20191016T144149.mat,,,,191016/NVI12/D21
NVI13,190930,D5,hE2_rew,190930/NVI13/D5,0,baseline/baseline_190930T161313-008,baseline_190930T161313-008_Cycle00001_VoltageRecording_001.csv,,BMI/BMI_190930T172117-013,BMI_190930T172117-013_Cycle00001_VoltageRecording_001.csv,,holostim/holostim_seq_190930T160205-007,holostim_seq_190930T160205-007_Cycle00001_VoltageRecording_001.csv,,HoloVTA_pretrain/HoloVTA_pretrain_190930T163545-010,,holoMask.gpl,XML_ens.xml,BaselineOnline191016T132227.mat,workspace.mat,BOT_ens.cfg,GPL_candidates_holoMask.gpl,strcMask.mat,mainProt_single_channel.m,BOT_candidates.cfg,GPL_ens.gpl,seq_single_stim.xml,holostim_seq190930T160348.mat,XML_candidates.xml,roi_data.mat,BMI_target_info_20190930T162928.mat,,target_calibration_ALL_20190930T162928.mat,,BMI_online190930T171754.mat,BMI_online190930T180325.mat,
NVI13,191001,D6,hE2_rew,191001/NVI13/D6,1,baseline/baseline_191001T162047-007,baseline_191001T162047-007_Cycle00001_VoltageRecording_001.csv,,BMI/BMI_191001T172529-009,BMI_191001T172529-009_Cycle00001_VoltageRecording_001.csv,,holostim/holostim_seq_191001T161105-006,holostim_seq_191001T161105-006_Cycle00001_VoltageRecording_001.csv,,HoloVTA_pretrain/HoloVTA_pretrain_191001T164136-008,,holoMask.gpl,XML_ens.xml,BaselineOnline190930T161310.mat,workspace.mat,BOT_ens.cfg,GPL_candidates_holoMask.gpl,strcMask.mat,mainProt_single_channel.m,BOT_candidates.cfg,GPL_ens.gpl,seq_single_stim.xml,holostim_seq191001T161252.mat,XML_candidates.xml,roi_data.mat,BMI_target_info_20191001T163732.mat,,target_calibration_ALL_20191001T163732.mat,,BMI_online191001T172344.mat,BMI_online191001T180737.mat,
NVI13,191003,D8,hE2_rew,191003/NVI13/D8,2,baseline/baseline_191003T160356-014,baseline_191003T160356-014_Cycle00001_VoltageRecording_001.csv,,,BMI_191003T171142-017_Cycle00001_VoltageRecording_001.csv,191003/NVI13/D8,holostim/holostim_seq_191003T155415-013,holostim_seq_191003T155415-013_Cycle00001_VoltageRecording_001.csv,,HoloVTA_pretrain/HoloVTA_pretrain_191003T162412-015,,holoMask.gpl,XML_ens.xml,BaselineOnline191001T162045.mat,workspace.mat,BOT_ens.cfg,GPL_candidates_holoMask.gpl,strcMask.mat,mainProt_single_channel.m,BOT_candidates.cfg,GPL_ens.gpl,seq_single_stim.xml,holostim_seq191003T155611.mat,XML_candidates.xml,roi_data.mat,BMI_target_info_20191003T162208.mat,,target_calibration_ALL_20191003T162208.mat,,,,191003/NVI13/D8
NVI13,191005,D10,hE2_rew,191005/NVI13/D10,3,baseline/baseline_191005T163347-008,baseline_191005T163347-008_Cycle00001_VoltageRecording_001.csv,,BMI/BMI_191005T175045-010,BMI_191005T175045-010_Cycle00001_VoltageRecording_001.csv,,holostim/holostim_seq_191005T162420-007,holostim_seq_191005T162420-007_Cycle00001_VoltageRecording_001.csv,,HoloVTA_pretrain/HoloVTA_pretrain_191005T165314-009,,holoMask.gpl,XML_ens.xml,BaselineOnline191003T160354.mat,workspace.mat,BOT_ens.cfg,GPL_candidates_holoMask.gpl,strcMask.mat,mainProt_single_channel.m,BOT_candidates.cfg,GPL_ens.gpl,seq_single_stim.xml,holostim_seq191005T162629.mat,XML_candidates.xml,roi_data.mat,BMI_target_info_20191005T165116.mat,,target_calibration_ALL_20191005T165116.mat,,BMI_online191005T174850.mat,BMI_online191005T183253.mat,
NVI13,191007,D12,hE2_rew,191007/NVI13/D12,4,baseline/baseline_191007T183529-011,baseline_191007T183529-011_Cycle00001_VoltageRecording_001.csv,,BMI/BMI_191007T194606-015,BMI_191007T194606-015_Cycle00001_VoltageRecording_001.csv,,holostim/holostim_seq_191007T182603-010,holostim_seq_191007T182603-010_Cycle00001_VoltageRecording_001.csv,,HoloVTA_pretrain/HoloVTA_pretrain_191007T190038-014,,holoMask.gpl,XML_ens.xml,BaselineOnline191005T163345.mat,workspace.mat,BOT_ens.cfg,GPL_candidates_holoMask.gpl,strcMask.mat,mainProt_single_channel.m,BOT_candidates.cfg,GPL_ens.gpl,seq_single_stim.xml,holostim_seq191007T182756.mat,XML_candidates.xml,roi_data.mat,BMI_target_info_20191007T185256.mat,,target_calibration_ALL_20191007T185256.mat,,BMI_online191007T194449.mat,BMI_online191007T202814.mat,
NVI13,191009,D14,hE2_rew,191009/NVI13/D14,5,baseline/baseline_191009T172420-007,baseline_191009T172420-007_Cycle00001_VoltageRecording_001.csv,,BMI/BMI_191009T183902-010,BMI_191009T183902-010_Cycle00001_VoltageRecording_001.csv,,holostim/holostim_seq_191009T171459-006,holostim_seq_191009T171459-006_Cycle00001_VoltageRecording_001.csv,,HoloVTA_pretrain/HoloVTA_pretrain_191009T175519-009,,holoMask.gpl,XML_ens.xml,BaselineOnline191007T183527.mat,workspace.mat,BOT_ens.cfg,GPL_candidates_holoMask.gpl,strcMask.mat,mainProt_single_channel.m,BOT_candidates.cfg,GPL_ens.gpl,seq_single_stim.xml,holostim_seq191009T171645.mat,XML_candidates.xml,roi_data.mat,BMI_target_info_20191009T175422.mat,,target_calibration_ALL_20191009T175422.mat,,BMI_online191009T183748.mat,BMI_online191009T192110.mat,
NVI13,191011,D16,hE2_rew,191011/NVI13/D16,6,baseline/baseline_191011T155348-007,baseline_191011T155348-007_Cycle00001_VoltageRecording_001.csv,,BMI/BMI_191011T170842-009,BMI_191011T170842-009_Cycle00001_VoltageRecording_001.csv,,holostim/holostim_seq_191011T154657-006,holostim_seq_191011T154657-006_Cycle00001_VoltageRecording_001.csv,,HoloVTA_pretrain/HoloVTA_pretrain_191011T162356-008,,holoMask.gpl,XML_ens.xml,BaselineOnline191009T172418.mat,workspace.mat,BOT_ens.cfg,GPL_candidates_holoMask.gpl,strcMask.mat,mainProt_single_channel.m,BOT_candidates.cfg,GPL_ens.gpl,seq_single_stim.xml,holostim_seq191011T154843.mat,XML_candidates.xml,roi_data.mat,BMI_target_info_20191011T162138.mat,,target_calibration_ALL_20191011T162138.mat,,BMI_online191011T170733.mat,BMI_online191011T175050.mat,
NVI13,191013,D18,hE2_rew,191013/NVI13/D18,7,baseline/baseline_191013T160548-008,baseline_191013T160548-008_Cycle00001_VoltageRecording_001.csv,,BMI/BMI_191013T172734-011,BMI_191013T172734-011_Cycle00001_VoltageRecording_001.csv,,holostim/holostim_seq_191013T155748-007,holostim_seq_191013T155748-007_Cycle00001_VoltageRecording_001.csv,,HoloVTA_pretrain/HoloVTA_pretrain_191013T164324-009,,holoMask.gpl,XML_ens.xml,BaselineOnline191011T155346.mat,workspace.mat,BOT_ens.cfg,GPL_candidates_holoMask.gpl,strcMask.mat,mainProt_single_channel_fb.m,BOT_candidates.cfg,GPL_ens.gpl,seq_single_stim.xml,holostim_seq191013T155921.mat,XML_candidates.xml,roi_data.mat,BMI_target_info_20191013T164122.mat,,target_calibration_ALL_20191013T164122.mat,,BMI_online191013T172529.mat,BMI_online191013T180942.mat,
NVI13,191031,D31,hE2_rew,191031/NVI13/D31,8,baseline/baseline_191031T152837-047,baseline_191031T152837-047_Cycle00001_VoltageRecording_001.csv,,BMI/BMI_191031T164012-049,BMI_191031T164012-049_Cycle00001_VoltageRecording_001.csv,,holostim/holostim_seq_191031T152327-046,holostim_seq_191031T152327-046_Cycle00001_VoltageRecording_001.csv,,HoloVTA_pretrain/HoloVTA_pretrain_191031T155520-048,,holoMask.gpl,XML_ens.xml,BaselineOnline191013T160545.mat,workspace.mat,BOT_ens.cfg,GPL_candidates_holoMask.gpl,strcMask.mat,mainProt_single_channel_fb.asv,BOT_candidates.cfg,GPL_ens.gpl,seq_single_stim.xml,holostim_seq191031T152456.mat,XML_candidates.xml,roi_data.mat,BMI_target_info_20191031T155430.mat,,target_calibration_ALL_20191031T155430.mat,,BMI_online191031T163821.mat,BMI_online191031T172220.mat,
NVI13,191102,D33,hE2_rew,191102/NVI13/D33,9,baseline/baseline_191102T154427-077,baseline_191102T154427-077_Cycle00001_VoltageRecording_001.csv,,BMI/BMI_191102T164822-079,BMI_191102T164822-079_Cycle00001_VoltageRecording_001.csv,,holostim/holostim_seq_191102T153843-076,holostim_seq_191102T153843-076_Cycle00001_VoltageRecording_001.csv,,HoloVTA_pretrain/HoloVTA_pretrain_191102T160452-078,,holoMask.gpl,XML_ens.xml,BaselineOnline191031T152834.mat,workspace.mat,BOT_ens.cfg,GPL_candidates_holoMask.gpl,strcMask.mat,mainProt_single_channel_fb.m,BOT_candidates.cfg,GPL_ens.gpl,seq_single_stim.xml,holostim_seq191102T154022.mat,XML_candidates.xml,roi_data.mat,,191102/NVI13/D33,,191102/NVI13/D33,BMI_online191102T164701.mat,BMI_online191102T173029.mat,
NVI13,191104,D35,hE2_rew,191104/NVI13/D35,10,,baseline_191104T164034-022_Cycle00001_VoltageRecording_001.csv,191104/NVI13/D35,BMI/BMI_191104T180455-025,BMI_191104T180455-025_Cycle00001_VoltageRecording_001.csv,,holostim/holostim_seq_191104T163400-021,holostim_seq_191104T163400-021_Cycle00001_VoltageRecording_001.csv,,HoloVTA_pretrain/HoloVTA_pretrain_191104T172005-024,,holoMask.gpl,XML_ens.xml,BaselineOnline191102T154424.mat,workspace.mat,BOT_ens.cfg,GPL_candidates_holoMask.gpl,strcMask.mat,mainProt_single_channel_fb.m,BOT_candidates.cfg,GPL_ens.gpl,seq_single_stim.xml,holostim_seq191104T163509.mat,XML_candidates.xml,roi_data.mat,BMI_target_info_20191104T171803.mat,,target_calibration_ALL_20191104T171803.mat,,BMI_online191104T180334.mat,BMI_online191104T184703.mat,
NVI13,191025,D25,hE2_rew,191025/NVI13/D25,11,baseline/baseline_191025T162816-095,baseline_191025T162816-095_Cycle00001_VoltageRecording_001.csv,,BMI/BMI_191025T173130-097,BMI_191025T173130-097_Cycle00001_VoltageRecording_001.csv,,holostim/holostim_seq_191025T162324-094,holostim_seq_191025T162324-094_Cycle00001_VoltageRecording_001.csv,,HoloVTA_pretrain/HoloVTA_pretrain_191025T164810-096,,holoMask.gpl,XML_ens.xml,BaselineOnline191104T164031.mat,workspace.mat,BOT_ens.cfg,GPL_candidates_holoMask.gpl,strcMask.mat,mainProt_single_channel.m,BOT_candidates.cfg,GPL_ens.gpl,seq_single_stim.xml,holostim_seq191025T162423.mat,XML_candidates.xml,roi_data.mat,BMI_target_info_20191025T164604.mat,,target_calibration_ALL_20191025T164604.mat,,BMI_online191025T173019.mat,BMI_online191025T181338.mat,
NVI13,191015,D20,hE2_rew,191015/NVI13/D20,12,baseline/baseline_191015T153721-009,baseline_191015T153721-009_Cycle00001_VoltageRecording_001.csv,,BMI/BMI_191015T170757-011,BMI_191015T170757-011_Cycle00001_VoltageRecording_001.csv,,holostim/holostim_seq_191015T153023-008,holostim_seq_191015T153023-008_Cycle00001_VoltageRecording_001.csv,,HoloVTA_pretrain/HoloVTA_pretrain_191015T162420-010,,holoMask.gpl,XML_ens.xml,BaselineOnline191104T165948.mat,workspace.mat,BOT_ens.cfg,GPL_candidates_holoMask.gpl,strcMask.mat,mainProt_single_channel.m,BOT_candidates.cfg,GPL_ens.gpl,seq_single_stim.xml,holostim_seq191015T153202.mat,XML_candidates.xml,roi_data.mat,BMI_target_info_20191015T162240.mat,,target_calibration_ALL_20191015T162240.mat,,BMI_online191015T170657.mat,BMI_online191015T175005.mat,
NVI13,191017,D22,hE2_rew,191017/NVI13/D22,13,baseline/baseline_191017T163556-046,baseline_191017T163556-046_Cycle00001_VoltageRecording_001.csv,,BMI/BMI_191017T180550-049,BMI_191017T180550-049_Cycle00001_VoltageRecording_001.csv,,holostim/holostim_seq_191017T163027-045,holostim_seq_191017T163027-045_Cycle00001_VoltageRecording_001.csv,,HoloVTA_pretrain/HoloVTA_pretrain_191017T172050-047,,holoMask.gpl,XML_ens.xml,BaselineOnline191025T162814.mat,workspace.mat,BOT_ens.cfg,GPL_candidates_holoMask.gpl,strcMask.mat,mainProt_single_channel.m,BOT_candidates.cfg,GPL_ens.gpl,seq_single_stim.xml,holostim_seq191017T163153.mat,XML_candidates.xml,roi_data.mat,BMI_target_info_20191017T171835.mat,,target_calibration_ALL_20191017T171835.mat,,BMI_online191017T180406.mat,BMI_online191017T184758.mat,
NVI13,191016,D21,hE2_rew,191016/NVI13/D21,14,baseline/baseline_191016T172319-030,baseline_191016T172319-030_Cycle00001_VoltageRecording_001.csv,,BMI/BMI_191016T192426-033,BMI_191016T192426-033_Cycle00001_VoltageRecording_001.csv,,holostim/holostim_seq_191016T171408-029,holostim_seq_191016T171408-029_Cycle00001_VoltageRecording_001.csv,,Holo_pretrain/Holo_pretrain_191016T180831-031,,holoMask.gpl,XML_ens.xml,BaselineOnline191015T153718.mat,workspace.mat,BOT_ens.cfg,GPL_candidates_holoMask.gpl,strcMask.mat,mainProt_single_channel.m,BOT_candidates.cfg,GPL_ens.gpl,seq_single_stim.xml,holostim_seq191016T171546.mat,XML_candidates.xml,roi_data.mat,,191016/NVI13/D21,,191016/NVI13/D21,,,191016/NVI13/D21
NVI16,190930,D5,hE2_rew,190930/NVI16/D5,0,baseline/baseline_190930T184016-015,baseline_190930T184016-015_Cycle00001_VoltageRecording_001.csv,,BMI/BMI_190930T194709-017,BMI_190930T194709-017_Cycle00001_VoltageRecording_001.csv,,holostim/holostim_seq_190930T182233-014,holostim_seq_190930T182233-014_Cycle00001_VoltageRecording_001.csv,,HoloVTA_pretrain/HoloVTA_pretrain_190930T190050-016,,holoMask.gpl,XML_ens.xml,BaselineOnline191017T163554.mat,workspace.mat,BOT_ens.cfg,GPL_candidates_holoMask.gpl,strcMask.mat,mainProt_single_channel.m,BOT_candidates.cfg,GPL_ens.gpl,seq_single_stim.xml,holostim_seq190930T182359.mat,XML_candidates.xml,roi_data.mat,BMI_target_info_20190930T185737.mat,,target_calibration_ALL_20190930T185737.mat,,BMI_online190930T194258.mat,BMI_online190930T202917.mat,
NVI16,191001,D6,hE2_rew,191001/NVI16/D6,1,baseline/baseline_191001T185135-011,baseline_191001T185135-011_Cycle00001_VoltageRecording_001.csv,,BMI/BMI_no_reward_191001T212929-018,BMI_no_reward_191001T212929-018_Cycle00001_VoltageRecording_001.csv,,holostim/holostim_seq_191001T184329-010,holostim_seq_191001T184329-010_Cycle00001_VoltageRecording_001.csv,,HoloVTA_pretrain/HoloVTA_pretrain_191001T191328-012,,holoMask.gpl,XML_ens.xml,BaselineOnline191016T172317.mat,workspace.mat,BOT_ens.cfg,GPL_candidates_holoMask.gpl,strcMask.mat,mainProt_single_channel.m,BOT_candidates.cfg,GPL_ens.gpl,seq_single_stim.xml,holostim_seq191001T184531.mat,XML_candidates.xml,roi_data.mat,BMI_target_info_20191001T191111.mat,,target_calibration_ALL_20191001T191111.mat,,,,191001/NVI16/D6
NVI16,191003,D8,hE2_rew,191003/NVI16/D8,2,,baseline_191003T215857-009_Cycle00001_VoltageRecording_001.csv,191003/NVI16/D8,,,,holostim/holostim_seq_191003T192753-022,holostim_seq_191003T192753-022_Cycle00001_VoltageRecording_001.csv,,,191003/NVI16/D8,holoMask.gpl,XML_ens.xml,BaselineOnline190930T184014.mat,workspace.mat,BOT_ens.cfg,GPL_candidates_holoMask.gpl,strcMask.mat,mainProt_single_channel.m,BOT_candidates.cfg,GPL_ens.gpl,seq_single_stim.xml,holostim_seq191003T192953.mat,XML_candidates.xml,roi_data.mat,BMI_target_info_20191003T202242.mat,,target_calibration_ALL_20191003T202242.mat,,,,191003/NVI16/D8
NVI16,191005,D10,hE2_rew,191005/NVI16/D10,3,baseline/baseline_191005T194000-013,baseline_191005T194000-013_Cycle00001_VoltageRecording_001.csv,,,BMI_191005T205000-015_Cycle00001_VoltageRecording_001.csv,191005/NVI16/D10,holostim/holostim_seq_191005T193001-012,holostim_seq_191005T193001-012_Cycle00001_VoltageRecording_001.csv,,HoloVTA_pretrain/HoloVTA_pretrain_191005T200106-014,,holoMask.gpl,XML_ens.xml,BaselineOnline191001T185133.mat,workspace.mat,BOT_ens.cfg,GPL_candidates_holoMask.gpl,strcMask.mat,mainProt_single_channel.m,BOT_candidates.cfg,GPL_ens.gpl,seq_single_stim.xml,holostim_seq191005T193204.mat,XML_candidates.xml,roi_data.mat,,191005/NVI16/D10,,191005/NVI16/D10,,,191005/NVI16/D10
NVI16,191007,D12,hE2_rew,191007/NVI16/D12,4,baseline/baseline_191007T214651-017,baseline_191007T214651-017_Cycle00001_VoltageRecording_001.csv,,BMI/BMI_191007T225720-019,BMI_191007T225720-019_Cycle00001_VoltageRecording_001.csv,,holostim/holostim_seq_191007T213519-016,holostim_seq_191007T213519-016_Cycle00001_VoltageRecording_001.csv,,HoloVTA_pretrain/HoloVTA_pretrain_191007T220611-018,,holoMask.gpl,XML_ens.xml,BaselineOnline191003T215855.mat,workspace.mat,BOT_ens.cfg,GPL_candidates_holoMask.gpl,strcMask.mat,mainProt_single_channel.m,BOT_candidates.cfg,GPL_ens.gpl,seq_single_stim.xml,holostim_seq191007T213708.mat,XML_candidates.xml,roi_data.mat,BMI_target_info_20191007T220344.mat,,target_calibration_ALL_20191007T220344.mat,,BMI_online191007T225622.mat,BMI_online191007T233928.mat,
NVI16,191009,D14,hE2_rew,191009/NVI16/D14,5,baseline/baseline_191009T201235-012,baseline_191009T201235-012_Cycle00001_VoltageRecording_001.csv,,BMI/BMI_191009T211855-014,BMI_191009T211855-014_Cycle00001_VoltageRecording_001.csv,,holostim/holostim_seq_191009T200435-011,holostim_seq_191009T200435-011_Cycle00001_VoltageRecording_001.csv,,HoloVTA_pretrain/HoloVTA_pretrain_191009T203502-013,,holoMask.gpl,XML_ens.xml,BaselineOnline191003T194434.mat,workspace.mat,BOT_ens.cfg,GPL_candidates_holoMask.gpl,strcMask.mat,mainProt_single_channel.m,BOT_candidates.cfg,GPL_ens.gpl,seq_single_stim.xml,holostim_seq191009T200600.mat,XML_candidates.xml,roi_data.mat,,191009/NVI16/D14,,191009/NVI16/D14,BMI_online191009T211744.mat,BMI_online191009T220103.mat,
NVI16,191011,D16,hE2_rew,191011/NVI16/D16,6,baseline/baseline_191011T191113-012,baseline_191011T191113-012_Cycle00001_VoltageRecording_001.csv,,,BMI_191011T201616-014_Cycle00001_VoltageRecording_001.csv,191011/NVI16/D16,holostim/holostim_seq_191011T185708-010,holostim_seq_191011T185708-010_Cycle00001_VoltageRecording_001.csv,,HoloVTA_pretrain/HoloVTA_pretrain_191011T193244-013,,holoMask.gpl,XML_ens.xml,BaselineOnline191005T193958.mat,workspace.mat,BOT_ens.cfg,GPL_candidates_holoMask.gpl,strcMask.mat,mainProt_single_channel.m,BOT_candidates.cfg,GPL_ens.gpl,seq_single_stim.xml,holostim_seq191011T190119.mat,XML_candidates.xml,roi_data.mat,,191011/NVI16/D16,,191011/NVI16/D16,,,191011/NVI16/D16
NVI16,191013,D18,hE2_rew,191013/NVI16/D18,7,baseline/baseline_191013T195031-014,baseline_191013T195031-014_Cycle00001_VoltageRecording_001.csv,,BMI/BMI_191013T214746-021,BMI_191013T214746-021_Cycle00001_VoltageRecording_001.csv,,holostim/holostim_seq_191013T193948-013,holostim_seq_191013T193948-013_Cycle00001_VoltageRecording_001.csv,,,191013/NVI16/D18,holoMask.gpl,XML_ens.xml,BaselineOnline191007T214649.mat,workspace.mat,BOT_ens.cfg,GPL_candidates_holoMask.gpl,strcMask.mat,mainProt_single_channel_fb.m,BOT_candidates.cfg,GPL_ens.gpl,seq_single_stim.xml,holostim_seq191013T194131.mat,XML_candidates.xml,roi_data.mat,BMI_target_info_20191013T201036.mat,,target_calibration_ALL_20191013T201036.mat,,,,191013/NVI16/D18
NVI16,191031,D31,hE2_rew,191031/NVI16/D31,8,baseline/baseline_191031T182640-051,baseline_191031T182640-051_Cycle00001_VoltageRecording_001.csv,,,BMI_191031T202928-056_Cycle00001_VoltageRecording_001.csv,191031/NVI16/D31,holostim/holostim_seq_191031T181910-050,holostim_seq_191031T181910-050_Cycle00001_VoltageRecording_001.csv,,,191031/NVI16/D31,holoMask.gpl,XML_ens.xml,BaselineOnline191009T201233.mat,workspace.mat,BOT_ens.cfg,GPL_candidates_holoMask.gpl,strcMask.mat,mainProt_single_channel_fb.m,BOT_candidates.cfg,GPL_ens.gpl,seq_single_stim.xml,holostim_seq191031T182026.mat,XML_candidates.xml,roi_data.mat,BMI_target_info_20191031T193020.mat,,target_calibration_ALL_20191031T193020.mat,,,,191031/NVI16/D31
NVI16,191102,D33,hE2_rew,191102/NVI16/D33,9,baseline/baseline_191102T175735-082,baseline_191102T175735-082_Cycle00001_VoltageRecording_001.csv,,BMI/BMI_191102T190601-084,BMI_191102T190601-084_Cycle00001_VoltageRecording_001.csv,,holostim/holostim_seq_191102T174749-080,holostim_seq_191102T174749-080_Cycle00001_VoltageRecording_001.csv,,HoloVTA_pretrain/HoloVTA_pretrain_191102T182156-083,,holoMask.gpl,XML_ens.xml,BaselineOnline191011T191111.mat,workspace.mat,BOT_ens.cfg,GPL_candidates_holoMask.gpl,strcMask.mat,mainProt_single_channel_fb.m,BOT_candidates.cfg,GPL_ens.gpl,seq_single_stim.xml,holostim_seq191102T174935.mat,XML_candidates.xml,roi_data.mat,BMI_target_info_20191102T182006.mat,,target_calibration_ALL_20191102T182006.mat,,BMI_online191102T190423.mat,BMI_online191102T194809.mat,
NVI16,191104,D35,hE2_rew,191104/NVI16/D35,10,baseline/baseline_191104T194642-028,baseline_191104T194642-028_Cycle00001_VoltageRecording_001.csv,,BMI/BMI_191104T210052-030,BMI_191104T210052-030_Cycle00001_VoltageRecording_001.csv,,holostim/holostim_seq_191104T194152-027,holostim_seq_191104T194152-027_Cycle00001_VoltageRecording_001.csv,,HoloVTA_pretrain/HoloVTA_pretrain_191104T201005-029,,holoMask.gpl,XML_ens.xml,BaselineOnline191013T195029.mat,workspace.mat,BOT_ens.cfg,GPL_candidates_holoMask.gpl,strcMask.mat,mainProt_single_channel.m,BOT_candidates.cfg,GPL_ens.gpl,seq_single_stim.xml,holostim_seq191104T194310.mat,XML_candidates.xml,roi_data.mat,BMI_target_info_20191104T200732.mat,,target_calibration_ALL_20191104T200732.mat,,BMI_online191104T205935.mat,BMI_online191104T214300.mat,
NVI16,191025,D25,hE2_rew,191025/NVI16/D25,11,baseline/baseline_191025T191406-099,baseline_191025T191406-099_Cycle00001_VoltageRecording_001.csv,,BMI/BMI_191025T210639-104,BMI_191025T210639-104_Cycle00001_VoltageRecording_001.csv,,holostim/holostim_seq_191025T190815-098,holostim_seq_191025T190815-098_Cycle00001_VoltageRecording_001.csv,,,191025/NVI16/D25,holoMask.gpl,XML_ens.xml,BaselineOnline191031T182638.mat,workspace.mat,BOT_ens.cfg,GPL_candidates_holoMask.gpl,strcMask.mat,mainProt_single_channel.m,BOT_candidates.cfg,GPL_ens.gpl,seq_single_stim.xml,holostim_seq191025T190913.mat,XML_candidates.xml,roi_data.mat,BMI_target_info_20191025T193334.mat,,target_calibration_ALL_20191025T193334.mat,,,,191025/NVI16/D25
NVI16,191015,D20,hE2_rew,191015/NVI16/D20,12,baseline/baseline_191015T183728-013,baseline_191015T183728-013_Cycle00001_VoltageRecording_001.csv,,BMI/BMI_191015T200701-016,BMI_191015T200701-016_Cycle00001_VoltageRecording_001.csv,,holostim/holostim_seq_191015T182612-012,holostim_seq_191015T182612-012_Cycle00001_VoltageRecording_001.csv,,HoloVTA_pretrain/HoloVTA_pretrain_191015T192148-014,,holoMask.gpl,XML_ens.xml,BaselineOnline191102T175733.mat,workspace.mat,BOT_ens.cfg,GPL_candidates_holoMask.gpl,strcMask.mat,mainProt_single_channel.m,BOT_candidates.cfg,GPL_ens.gpl,seq_single_stim.xml,holostim_seq191015T182825.mat,XML_candidates.xml,roi_data.mat,BMI_target_info_20191015T191941.mat,,target_calibration_ALL_20191015T191941.mat,,BMI_online191015T200419.mat,BMI_online191015T204909.mat,
NVI16,191017,D22,hE2_rew,191017/NVI16/D22,13,baseline/baseline_191017T195038-051,baseline_191017T195038-051_Cycle00001_VoltageRecording_001.csv,,BMI/BMI_191017T212830-054,BMI_191017T212830-054_Cycle00001_VoltageRecording_001.csv,,holostim/holostim_seq_191017T194425-050,holostim_seq_191017T194425-050_Cycle00001_VoltageRecording_001.csv,,HoloVTA_pretrain/HoloVTA_pretrain_191017T203653-052,,holoMask.gpl,XML_ens.xml,BaselineOnline191104T194639.mat,workspace.mat,BOT_ens.cfg,GPL_candidates_holoMask.gpl,strcMask.mat,mainProt_single_channel_fb.m,BOT_candidates.cfg,GPL_ens.gpl,seq_single_stim.xml,holostim_seq191017T194541.mat,XML_candidates.xml,roi_data.mat,BMI_target_info_20191017T203451.mat,,target_calibration_ALL_20191017T203451.mat,,BMI_online191017T212645.mat,BMI_online191017T221038.mat,
NVI16,191016,D21,hE2_rew,191016/NVI16/D21,14,baseline/baseline_191016T210816-035,baseline_191016T210816-035_Cycle00001_VoltageRecording_001.csv,,BMI/BMI_191016T230127-038,BMI_191016T230127-038_Cycle00001_VoltageRecording_001.csv,,holostim/holostim_seq_191016T205906-034,holostim_seq_191016T205906-034_Cycle00001_VoltageRecording_001.csv,,Holo_pretrain/Holo_pretrain_191016T215347-036,,holoMask.gpl,XML_ens.xml,BaselineOnline191025T191404.mat,workspace.mat,BOT_ens.cfg,GPL_candidates_holoMask.gpl,strcMask.mat,mainProt_single_channel_fb.m,BOT_candidates.cfg,GPL_ens.gpl,seq_single_stim.xml,holostim_seq191016T210022.mat,XML_candidates.xml,roi_data.mat,BMI_target_info_20191016T215148.mat,,target_calibration_ALL_20191016T215148.mat,,,,191016/NVI16/D21
NVI17,191106,D02,hE2_rew,191106/NVI17/D02,0,baseline/baseline_191106T213833-073,baseline_191106T213833-073_Cycle00001_VoltageRecording_001.csv,,BMI/BMI_no_reward_191106T232747-076,BMI_no_reward_191106T232747-076_Cycle00001_VoltageRecording_001.csv,,holostim/holostim_seq_191106T213331-072,holostim_seq_191106T213331-072_Cycle00001_VoltageRecording_001.csv,,HoloVTA_pretrain/HoloVTA_pretrain_191106T220057-074,,holoMask.gpl,XML_ens.xml,BaselineOnline191015T183726.mat,workspace.mat,BOT_ens.cfg,GPL_candidates_holoMask.gpl,strcMask.mat,mainProt_single_channel_fb.m,BOT_candidates.cfg,GPL_ens.gpl,seq_single_stim.xml,holostim_seq191106T213440.mat,XML_candidates.xml,roi_data.mat,,191106/NVI17/D02,,191106/NVI17/D02,,,191106/NVI17/D02
NVI17,191108,D04,hE2_rew,191108/NVI17/D04,1,baseline/baseline_191108T214251-023,baseline_191108T214251-023_Cycle00001_VoltageRecording_001.csv,,BMI/BMI_191108T225124-025,BMI_191108T225124-025_Cycle00001_VoltageRecording_001.csv,,holostim/holostim_seq_191108T213654-022,holostim_seq_191108T213654-022_Cycle00001_VoltageRecording_001.csv,,HoloVTA_pretrain/HoloVTA_pretrain_191108T220337-024,,holoMask.gpl,XML_ens.xml,BaselineOnline191017T195036.mat,workspace.mat,BOT_ens.cfg,GPL_candidates_holoMask.gpl,strcMask.mat,mainProt_single_channel_fb.m,BOT_candidates.cfg,GPL_ens.gpl,seq_single_stim.xml,holostim_seq191108T213816.mat,XML_candidates.xml,roi_data.mat,BMI_target_info_20191108T220221.mat,,target_calibration_ALL_20191108T220221.mat,,BMI_online191108T225016.mat,BMI_online191108T233332.mat,
NVI17,191110,D06,hE2_rew,191110/NVI17/D06,2,baseline/baseline_191110T210206-019,baseline_191110T210206-019_Cycle00001_VoltageRecording_001.csv,,BMI/BMI_191110T222110-022,BMI_191110T222110-022_Cycle00001_VoltageRecording_001.csv,,holostim/holostim_seq_191110T205614-018,holostim_seq_191110T205614-018_Cycle00001_VoltageRecording_001.csv,,HoloVTA_pretrain/HoloVTA_pretrain_191110T212345-021,,holoMask.gpl,XML_ens.xml,BaselineOnline191016T210813.mat,workspace.mat,BOT_ens.cfg,GPL_candidates_holoMask.gpl,strcMask.mat,mainProt_single_channel_fb.m,BOT_candidates.cfg,GPL_ens.gpl,seq_single_stim.xml,holostim_seq191110T205740.mat,XML_candidates.xml,roi_data.mat,BMI_target_info_20191110T212123.mat,,target_calibration_ALL_20191110T212123.mat,,BMI_online191110T221927.mat,BMI_online191110T230318.mat,
NVI17,191112,D08,hE2_rew,191112/NVI17/D08,3,baseline/baseline_191112T214313-020,baseline_191112T214313-020_Cycle00001_VoltageRecording_001.csv,,BMI/BMI_191112T225755-022,BMI_191112T225755-022_Cycle00001_VoltageRecording_001.csv,,holostim/holostim_seq_191112T213653-019,holostim_seq_191112T213653-019_Cycle00001_VoltageRecording_001.csv,,HoloVTA_pretrain/HoloVTA_pretrain_191112T220312-021,,holoMask.gpl,XML_ens.xml,BaselineOnline191106T213831.mat,workspace.mat,BOT_ens.cfg,GPL_candidates_holoMask.gpl,strcMask.mat,mainProt_single_channel_fb.m,BOT_candidates.cfg,GPL_ens.gpl,seq_single_stim.xml,holostim_seq191112T213845.mat,XML_candidates.xml,roi_data.mat,BMI_target_info_20191112T220143.mat,,target_calibration_ALL_20191112T220143.mat,,BMI_online191112T225633.mat,BMI_online191112T234003.mat,
NVI17,191114,D10,hE2_rew,191114/NVI17/D10,4,baseline/baseline_191114T202922-020,baseline_191114T202922-020_Cycle00001_VoltageRecording_001.csv,,BMI/BMI_191114T213437-022,BMI_191114T213437-022_Cycle00001_VoltageRecording_001.csv,,holostim/holostim_seq_191114T202104-019,holostim_seq_191114T202104-019_Cycle00001_VoltageRecording_001.csv,,HoloVTA_pretrain/HoloVTA_pretrain_191114T204746-021,,holoMask.gpl,XML_ens.xml,BaselineOnline191108T214249.mat,workspace.mat,BOT_ens.cfg,GPL_candidates_holoMask.gpl,strcMask.mat,mainProt_single_channel_fb.m,BOT_candidates.cfg,GPL_ens.gpl,seq_single_stim.xml,holostim_seq191114T202236.mat,XML_candidates.xml,roi_data.mat,BMI_target_info_20191114T204643.mat,,target_calibration_ALL_20191114T204643.mat,,BMI_online191114T213217.mat,BMI_online191114T221644.mat,
NVI17,191116,D12,hE2_rew,191116/NVI17/D12,5,baseline/baseline_191116T183103-019,baseline_191116T183103-019_Cycle00001_VoltageRecording_001.csv,,BMI/BMI_191116T194831-024,BMI_191116T194831-024_Cycle00001_VoltageRecording_001.csv,,holostim/holostim_seq_191116T182453-018,holostim_seq_191116T182453-018_Cycle00001_VoltageRecording_001.csv,,HoloVTA_pretrain/HoloVTA_pretrain_191116T184923-020,,holoMask.gpl,XML_ens.xml,BaselineOnline191110T210203.mat,workspace.mat,BOT_ens.cfg,GPL_candidates_holoMask.gpl,strcMask.mat,mainProt_single_channel_fb.m,BOT_candidates.cfg,GPL_ens.gpl,seq_single_stim.xml,holostim_seq191116T182635.mat,XML_candidates.xml,roi_data.mat,BMI_target_info_20191116T184806.mat,,target_calibration_ALL_20191116T184806.mat,,BMI_online191116T193237.mat,BMI_online191116T203039.mat,
NVI17,191118,D14,hE2_rew,191118/NVI17/D14,6,baseline/baseline_191118T183218-017,baseline_191118T183218-017_Cycle00001_VoltageRecording_001.csv,,BMI/BMI_191118T204119-026,BMI_191118T204119-026_Cycle00001_VoltageRecording_001.csv,,holostim/holostim_seq_191118T182502-015,holostim_seq_191118T182502-015_Cycle00001_VoltageRecording_001.csv,,,191118/NVI17/D14,holoMask.gpl,XML_ens.xml,BaselineOnline191112T214311.mat,workspace.mat,BOT_ens.cfg,GPL_candidates_holoMask.gpl,strcMask.mat,mainProt_single_channel_fb.m,BOT_candidates.cfg,GPL_ens.gpl,seq_single_stim.xml,holostim_seq191118T182657.mat,XML_candidates.xml,roi_data.mat,BMI_target_info_20191118T184957.mat,,target_calibration_ALL_20191118T184957.mat,,BMI_online191118T203150.mat,BMI_online191118T212327.mat,
NVI17,191120,D16,hE2_rew,191120/NVI17/D16,7,baseline/baseline_191120T193254-016,baseline_191120T193254-016_Cycle00001_VoltageRecording_001.csv,,BMI/BMI_191120T204030-018,BMI_191120T204030-018_Cycle00001_VoltageRecording_001.csv,,holostim/holostim_seq_191120T192518-015,holostim_seq_191120T192518-015_Cycle00001_VoltageRecording_001.csv,,HoloVTA_pretrain/HoloVTA_pretrain_191120T195642-017,,holoMask.gpl,XML_ens.xml,BaselineOnline191114T202920.mat,workspace.mat,BOT_ens.cfg,GPL_candidates_holoMask.gpl,strcMask.mat,mainProt_single_channel_fb.m,BOT_candidates.cfg,GPL_ens.gpl,seq_single_stim.xml,holostim_seq191120T192714.mat,XML_candidates.xml,roi_data.mat,BMI_target_info_20191120T195525.mat,,target_calibration_ALL_20191120T195525.mat,,BMI_online191120T203908.mat,BMI_online191120T212238.mat,
NVI17,191122,D18,hE2_rew,191122/NVI17/D18,8,baseline/baseline_191122T174710-015,baseline_191122T174710-015_Cycle00001_VoltageRecording_001.csv,,BMI/BMI_191122T184909-017,BMI_191122T184909-017_Cycle00001_VoltageRecording_001.csv,,holostim/holostim_seq_191122T174046-014,holostim_seq_191122T174046-014_Cycle00001_VoltageRecording_001.csv,,HoloVTA_pretrain/HoloVTA_pretrain_191122T180546-016,,holoMask.gpl,XML_ens.xml,BaselineOnline191116T183101.mat,workspace.mat,BOT_ens.cfg,GPL_candidates_holoMask.gpl,strcMask.mat,mainProt_single_channel_fb.m,BOT_candidates.cfg,GPL_ens.gpl,seq_single_stim.xml,holostim_seq191122T174245.mat,XML_candidates.xml,roi_data.mat,,191122/NVI17/D18,,191122/NVI17/D18,BMI_online191122T184758.mat,BMI_online191122T193117.mat,
NVI20,191106,D02,hE2_rew,191106/NVI20/D02,0,baseline/baseline_191106T192350-069,baseline_191106T192350-069_Cycle00001_VoltageRecording_001.csv,,BMI/BMI_191106T203524-071,BMI_191106T203524-071_Cycle00001_VoltageRecording_001.csv,,holostim/holostim_seq_191106T191847-068,holostim_seq_191106T191847-068_Cycle00001_VoltageRecording_001.csv,,HoloVTA_pretrain/HoloVTA_pretrain_191106T194427-070,,holoMask.gpl,XML_ens.xml,BaselineOnline191118T183216.mat,workspace.mat,BOT_ens.cfg,GPL_candidates_holoMask.gpl,strcMask.mat,mainProt_single_channel_fb.m,BOT_candidates.cfg,GPL_ens.gpl,seq_single_stim.xml,holostim_seq191106T192006.mat,XML_candidates.xml,roi_data.mat,BMI_target_info_20191106T194306.mat,,target_calibration_ALL_20191106T194306.mat,,BMI_online191106T203409.mat,BMI_online191106T211732.mat,
NVI20,191108,D04,hE2_rew,191108/NVI20/D04,1,baseline/baseline_191108T185108-019,baseline_191108T185108-019_Cycle00001_VoltageRecording_001.csv,,BMI/BMI_191108T200928-021,BMI_191108T200928-021_Cycle00001_VoltageRecording_001.csv,,holostim/holostim_seq_191108T184225-018,holostim_seq_191108T184225-018_Cycle00001_VoltageRecording_001.csv,,HoloVTA_pretrain/HoloVTA_pretrain_191108T191229-020,,holoMask.gpl,XML_ens.xml,BaselineOnline191120T193251.mat,workspace.mat,BOT_ens.cfg,GPL_candidates_holoMask.gpl,strcMask.mat,mainProt_single_channel_fb.m,BOT_candidates.cfg,GPL_ens.gpl,seq_single_stim.xml,holostim_seq191108T184428.mat,XML_candidates.xml,roi_data.mat,,191108/NVI20/D04,,191108/NVI20/D04,BMI_online191108T200811.mat,BMI_online191108T205136.mat,
NVI20,191110,D06,hE2_rew,191110/NVI20/D06,2,baseline/baseline_191110T182135-015,baseline_191110T182135-015_Cycle00001_VoltageRecording_001.csv,,BMI/BMI_191110T192539-017,BMI_191110T192539-017_Cycle00001_VoltageRecording_001.csv,,holostim/holostim_seq_191110T181534-014,holostim_seq_191110T181534-014_Cycle00001_VoltageRecording_001.csv,,HoloVTA_pretrain/HoloVTA_pretrain_191110T184215-016,,holoMask.gpl,XML_ens.xml,BaselineOnline191122T174707.mat,workspace.mat,BOT_ens.cfg,GPL_candidates_holoMask.gpl,strcMask.mat,mainProt_single_channel_fb.m,BOT_candidates.cfg,GPL_ens.gpl,seq_single_stim.xml,holostim_seq191110T181730.mat,XML_candidates.xml,roi_data.mat,BMI_target_info_20191110T184106.mat,,target_calibration_ALL_20191110T184106.mat,,BMI_online191110T192425.mat,BMI_online191110T200747.mat,
NVI20,191112,D08,hE2_rew,191112/NVI20/D08,3,baseline/baseline_191112T193117-015,baseline_191112T193117-015_Cycle00001_VoltageRecording_001.csv,,BMI/BMI_191112T203856-018,BMI_191112T203856-018_Cycle00001_VoltageRecording_001.csv,,holostim/holostim_seq_191112T192520-014,holostim_seq_191112T192520-014_Cycle00001_VoltageRecording_001.csv,,HoloVTA_pretrain/HoloVTA_pretrain_191112T195129-016,,holoMask.gpl,XML_ens.xml,BaselineOnline191106T192348.mat,workspace.mat,BOT_ens.cfg,GPL_candidates_holoMask.gpl,strcMask.mat,mainProt_single_channel_fb.m,BOT_candidates.cfg,GPL_ens.gpl,seq_single_stim.xml,holostim_seq191112T192643.mat,XML_candidates.xml,roi_data.mat,BMI_target_info_20191112T195016.mat,,target_calibration_ALL_20191112T195016.mat,,BMI_online191112T203653.mat,BMI_online191112T212104.mat,
NVI20,191114,D10,hE2_rew,191114/NVI20/D10,4,baseline/baseline_191114T164409-012,baseline_191114T164409-012_Cycle00001_VoltageRecording_001.csv,,BMI/BMI_191114T181937-018,BMI_191114T181937-018_Cycle00001_VoltageRecording_001.csv,,holostim/holostim_seq_191114T163110-011,holostim_seq_191114T163110-011_Cycle00001_VoltageRecording_001.csv,,HoloVTA_pretrain/HoloVTA_pretrain_191114T172053-014,,holoMask.gpl,XML_ens.xml,BaselineOnline191108T185106.mat,workspace.mat,BOT_ens.cfg,GPL_candidates_holoMask.gpl,strcMask.mat,mainProt_single_channel_fb.m,BOT_candidates.cfg,GPL_ens.gpl,seq_single_stim.xml,holostim_seq191114T163250.mat,XML_candidates.xml,roi_data.mat,BMI_target_info_20191114T171935.mat,,target_calibration_ALL_20191114T171935.mat,,BMI_online191114T180809.mat,BMI_online191114T190145.mat,
NVI20,191116,D12,hE2_rew,191116/NVI20/D12,5,baseline/baseline_191116T160244-014,baseline_191116T160244-014_Cycle00001_VoltageRecording_001.csv,,BMI/BMI_191116T171853-017,BMI_191116T171853-017_Cycle00001_VoltageRecording_001.csv,,holostim/holostim_seq_191116T155655-013,holostim_seq_191116T155655-013_Cycle00001_VoltageRecording_001.csv,,HoloVTA_pretrain/HoloVTA_pretrain_191116T162223-015,,holoMask.gpl,XML_ens.xml,BaselineOnline191110T182132.mat,workspace.mat,BOT_ens.cfg,GPL_candidates_holoMask.gpl,strcMask.mat,mainProt_single_channel_fb.m,BOT_candidates.cfg,GPL_ens.gpl,seq_single_stim.xml,holostim_seq191116T155838.mat,XML_candidates.xml,roi_data.mat,BMI_target_info_20191116T162047.mat,,target_calibration_ALL_20191116T162047.mat,,BMI_online191116T171702.mat,BMI_online191116T180101.mat,
NVI20,191118,D14,hE2_rew,191118/NVI20/D14,6,baseline/baseline_191118T160430-010,baseline_191118T160430-010_Cycle00001_VoltageRecording_001.csv,,BMI/BMI_191118T172448-014,BMI_191118T172448-014_Cycle00001_VoltageRecording_001.csv,,holostim/holostim_seq_191118T155235-009,holostim_seq_191118T155235-009_Cycle00001_VoltageRecording_001.csv,,HoloVTA_pretrain/HoloVTA_pretrain_191118T162253-011,,holoMask.gpl,XML_ens.xml,BaselineOnline191112T193115.mat,workspace.mat,BOT_ens.cfg,GPL_candidates_holoMask.gpl,strcMask.mat,mainProt_single_channel_fb.m,BOT_candidates.cfg,GPL_ens.gpl,seq_single_stim.xml,holostim_seq191118T155502.mat,XML_candidates.xml,roi_data.mat,BMI_target_info_20191118T162128.mat,,target_calibration_ALL_20191118T162128.mat,,BMI_online191118T170754.mat,BMI_online191118T180656.mat,
NVI20,191120,D16,hE2_rew,191120/NVI20/D16,7,baseline/baseline_191120T171747-011,baseline_191120T171747-011_Cycle00001_VoltageRecording_001.csv,,BMI/BMI_191120T182317-014,BMI_191120T182317-014_Cycle00001_VoltageRecording_001.csv,,holostim/holostim_seq_191120T171146-010,holostim_seq_191120T171146-010_Cycle00001_VoltageRecording_001.csv,,HoloVTA_pretrain/HoloVTA_pretrain_191120T173909-012,,holoMask.gpl,XML_ens.xml,BaselineOnline191114T164407.mat,workspace.mat,BOT_ens.cfg,GPL_candidates_holoMask.gpl,strcMask.mat,mainProt_single_channel_fb.m,BOT_candidates.cfg,GPL_ens.gpl,seq_single_stim.xml,holostim_seq191120T171342.mat,XML_candidates.xml,roi_data.mat,BMI_target_info_20191120T173753.mat,,target_calibration_ALL_20191120T173753.mat,,BMI_online191120T182126.mat,BMI_online191120T190524.mat,
NVI20,191122,D18,hE2_rew,191122/NVI20/D18,8,baseline/baseline_191122T151818-010,baseline_191122T151818-010_Cycle00001_VoltageRecording_001.csv,,BMI/BMI_191122T162906-013,BMI_191122T162906-013_Cycle00001_VoltageRecording_001.csv,,holostim/holostim_seq_191122T151103-009,holostim_seq_191122T151103-009_Cycle00001_VoltageRecording_001.csv,,VTA_pretrain/VTA_pretrain_191122T153753-011,,holoMask.gpl,XML_ens.xml,BaselineOnline191116T160241.mat,workspace.mat,BOT_ens.cfg,GPL_candidates_holoMask.gpl,strcMask.mat,mainProt_single_channel_fb.asv,BOT_candidates.cfg,GPL_ens.gpl,seq_single_stim.xml,holostim_seq191122T151252.mat,XML_candidates.xml,roi_data.mat,BMI_target_info_20191122T153634.mat,,target_calibration_ALL_20191122T153634.mat,,BMI_online191122T162001.mat,BMI_online191122T171114.mat,
NVI21,191106,D02,hE2_rew,191106/NVI21/D02,0,baseline/baseline_191106T164117-064,baseline_191106T164117-064_Cycle00001_VoltageRecording_001.csv,,BMI/BMI_191106T180215-067,BMI_191106T180215-067_Cycle00001_VoltageRecording_001.csv,,holostim/holostim_seq_191106T163543-063,holostim_seq_191106T163543-063_Cycle00001_VoltageRecording_001.csv,,HoloVTA_pretrain/HoloVTA_pretrain_191106T171822-066,,holoMask.gpl,XML_ens.xml,BaselineOnline191118T160427.mat,workspace.mat,BOT_ens.cfg,GPL_candidates_holoMask.gpl,strcMask.mat,mainProt_single_channel_fb.m,BOT_candidates.cfg,GPL_ens.gpl,seq_single_stim.xml,holostim_seq191106T163705.mat,XML_candidates.xml,roi_data.mat,BMI_target_info_20191106T171656.mat,,target_calibration_ALL_20191106T171656.mat,,,,191106/NVI21/D02
NVI21,191108,D04,hE2_rew,191108/NVI21/D04,1,baseline/baseline_191108T163052-014,baseline_191108T163052-014_Cycle00001_VoltageRecording_001.csv,,BMI/BMI_191108T173509-017,BMI_191108T173509-017_Cycle00001_VoltageRecording_001.csv,,holostim/holostim_seq_191108T162152-013,holostim_seq_191108T162152-013_Cycle00001_VoltageRecording_001.csv,,HoloVTA_pretrain/HoloVTA_pretrain_191108T165156-016,,holoMask.gpl,XML_ens.xml,BaselineOnline191120T171745.mat,workspace.mat,BOT_ens.cfg,GPL_candidates_holoMask.gpl,strcMask.mat,mainProt_single_channel_fb.m,BOT_candidates.cfg,GPL_ens.gpl,seq_single_stim.xml,holostim_seq191108T162401.mat,XML_candidates.xml,roi_data.mat,BMI_target_info_20191108T164933.mat,,target_calibration_ALL_20191108T164933.mat,,BMI_online191108T173404.mat,BMI_online191108T181717.mat,
NVI21,191110,D06,hE2_rew,191110/NVI21/D06,2,baseline/baseline_191110T160138-011,baseline_191110T160138-011_Cycle00001_VoltageRecording_001.csv,,BMI/BMI_191110T171813-013,BMI_191110T171813-013_Cycle00001_VoltageRecording_001.csv,,holostim/holostim_seq_191110T155342-009,holostim_seq_191110T155342-009_Cycle00001_VoltageRecording_001.csv,,HoloVTA_pretrain/HoloVTA_pretrain_191110T162054-012,,holoMask.gpl,XML_ens.xml,BaselineOnline191122T151815.mat,workspace.mat,BOT_ens.cfg,GPL_candidates_holoMask.gpl,strcMask.mat,mainProt_single_channel_fb.m,BOT_candidates.cfg,GPL_ens.gpl,seq_single_stim.xml,holostim_seq191110T155508.mat,XML_candidates.xml,roi_data.mat,BMI_target_info_20191110T161928.mat,,target_calibration_ALL_20191110T161928.mat,,BMI_online191110T171614.mat,BMI_online191110T180021.mat,
NVI21,191112,D08,hE2_rew,191112/NVI21/D08,3,baseline/baseline_191112T164419-010,baseline_191112T164419-010_Cycle00001_VoltageRecording_001.csv,,BMI/BMI_191112T175101-012,BMI_191112T175101-012_Cycle00001_VoltageRecording_001.csv,,holostim/holostim_seq_191112T163829-009,holostim_seq_191112T163829-009_Cycle00001_VoltageRecording_001.csv,,HoloVTA_pretrain/HoloVTA_pretrain_191112T170340-011,,holoMask.gpl,XML_ens.xml,BaselineOnline191106T164115.mat,workspace.mat,BOT_ens.cfg,GPL_candidates_holoMask.gpl,strcMask.mat,mainProt_single_channel_fb.m,BOT_candidates.cfg,GPL_ens.gpl,seq_single_stim.xml,holostim_seq191112T163948.mat,XML_candidates.xml,roi_data.mat,BMI_target_info_20191112T170158.mat,,target_calibration_ALL_20191112T170158.mat,,BMI_online191112T174858.mat,BMI_online191112T183309.mat,
NVI22,191106,D02,hE2_rew,191106/NVI22/D02,0,baseline/baseline_191106T142149-060,baseline_191106T142149-060_Cycle00001_VoltageRecording_001.csv,,BMI/BMI_191106T153013-062,BMI_191106T153013-062_Cycle00001_VoltageRecording_001.csv,,holostim/holostim_seq_191106T140749-058,holostim_seq_191106T140749-058_Cycle00001_VoltageRecording_001.csv,,HoloVTA_pretrain/HoloVTA_pretrain_191106T144116-061,,holoMask.gpl,XML_ens.xml,BaselineOnline191108T163050.mat,workspace.mat,BOT_ens.cfg,GPL_candidates_holoMask.gpl,strcMask.mat,mainProt_single_channel_fb.m,BOT_candidates.cfg,GPL_ens.gpl,seq_single_stim.xml,holostim_seq191106T140941.mat,XML_candidates.xml,roi_data.mat,BMI_target_info_20191106T144004.mat,,target_calibration_ALL_20191106T144004.mat,,BMI_online191106T152915.mat,BMI_online191106T161221.mat,
NVI22,191108,D04,hE2_rew,191108/NVI22/D04,1,baseline/baseline_191108T141105-010,baseline_191108T141105-010_Cycle00001_VoltageRecording_001.csv,,BMI/BMI_191108T151756-012,BMI_191108T151756-012_Cycle00001_VoltageRecording_001.csv,,holostim/holostim_seq_191108T135925-009,holostim_seq_191108T135925-009_Cycle00001_VoltageRecording_001.csv,,HoloVTA_pretrain/HoloVTA_pretrain_191108T143056-011,,holoMask.gpl,XML_ens.xml,BaselineOnline191110T160136.mat,workspace.mat,BOT_ens.cfg,GPL_candidates_holoMask.gpl,strcMask.mat,mainProt_single_channel_fb.m,BOT_candidates.cfg,GPL_ens.gpl,seq_single_stim.xml,holostim_seq191108T140154.mat,XML_candidates.xml,roi_data.mat,BMI_target_info_20191108T142924.mat,,target_calibration_ALL_20191108T142924.mat,,BMI_online191108T151636.mat,BMI_online191108T160004.mat,
NVI22,191110,D06,hE2_rew,191110/NVI22/D06,2,baseline/baseline_191110T130709-006,baseline_191110T130709-006_Cycle00001_VoltageRecording_001.csv,,BMI/BMI_191110T141009-008,BMI_191110T141009-008_Cycle00001_VoltageRecording_001.csv,,holostim/holostim_seq_191110T125653-005,holostim_seq_191110T125653-005_Cycle00001_VoltageRecording_001.csv,,HoloVTA_pretrain/HoloVTA_pretrain_191110T132607-007,,holoMask.gpl,XML_ens.xml,BaselineOnline191112T164416.mat,workspace.mat,BOT_ens.cfg,GPL_candidates_holoMask.gpl,strcMask.mat,mainProt_single_channel_fb.m,BOT_candidates.cfg,GPL_ens.gpl,seq_single_stim.xml,holostim_seq191110T130057.mat,XML_candidates.xml,roi_data.mat,BMI_target_info_20191110T132501.mat,,target_calibration_ALL_20191110T132501.mat,,BMI_online191110T140900.mat,BMI_online191110T145217.mat,
NVI22,191112,D08,hE2_rew,191112/NVI22/D08,3,baseline/baseline_191112T141714-006,baseline_191112T141714-006_Cycle00001_VoltageRecording_001.csv,,BMI/BMI_191112T153204-008,BMI_191112T153204-008_Cycle00001_VoltageRecording_001.csv,,holostim/holostim_seq_191112T140908-005,holostim_seq_191112T140908-005_Cycle00001_VoltageRecording_001.csv,,HoloVTA_pretrain/HoloVTA_pretrain_191112T143715-007,,holoMask.gpl,XML_ens.xml,BaselineOnline191106T142147.mat,workspace.mat,BOT_ens.cfg,GPL_candidates_holoMask.gpl,strcMask.mat,mainProt_single_channel_fb.m,BOT_candidates.cfg,GPL_ens.gpl,seq_single_stim.xml,holostim_seq191112T141047.mat,XML_candidates.xml,roi_data.mat,BMI_target_info_20191112T143522.mat,,target_calibration_ALL_20191112T143522.mat,,BMI_online191112T153034.mat,BMI_online191112T161411.mat,
NVI22,191114,D10,hE2_rew,191114/NVI22/D10,4,baseline/baseline_191114T141030-005,baseline_191114T141030-005_Cycle00001_VoltageRecording_001.csv,,BMI/BMI_191114T152453-010,BMI_191114T152453-010_Cycle00001_VoltageRecording_001.csv,,holostim/holostim_seq_191114T140155-004,holostim_seq_191114T140155-004_Cycle00001_VoltageRecording_001.csv,,HoloVTA_pretrain/HoloVTA_pretrain_191114T143249-006,,holoMask.gpl,XML_ens.xml,BaselineOnline191106T141438.mat,workspace.mat,BOT_ens.cfg,GPL_candidates_holoMask.gpl,strcMask.mat,mainProt_single_channel_fb.m,BOT_candidates.cfg,GPL_ens.gpl,seq_single_stim.xml,holostim_seq191114T140414.mat,XML_candidates.xml,roi_data.mat,BMI_target_info_20191114T143117.mat,,target_calibration_ALL_20191114T143117.mat,,BMI_online191114T151520.mat,BMI_online191114T160700.mat,
NVI22,191116,D12,hE2_rew,191116/NVI22/D12,5,baseline/baseline_191116T134600-009,baseline_191116T134600-009_Cycle00001_VoltageRecording_001.csv,,BMI/BMI_191116T145610-012,BMI_191116T145610-012_Cycle00001_VoltageRecording_001.csv,,holostim/holostim_seq_191116T133917-008,holostim_seq_191116T133917-008_Cycle00001_VoltageRecording_001.csv,,HoloVTA_pretrain/HoloVTA_pretrain_191116T140608-010,,holoMask.gpl,XML_ens.xml,BaselineOnline191108T141103.mat,workspace.mat,BOT_ens.cfg,GPL_candidates_holoMask.gpl,strcMask.mat,mainProt_single_channel_fb.m,BOT_candidates.cfg,GPL_ens.gpl,seq_single_stim.xml,holostim_seq191116T134106.mat,XML_candidates.xml,roi_data.mat,BMI_target_info_20191116T140445.mat,,target_calibration_ALL_20191116T140445.mat,,BMI_online191116T144832.mat,BMI_online191116T153818.mat,
NVI22,191118,D14,hE2_rew,191118/NVI22/D14,6,baseline/baseline_191118T131950-006,baseline_191118T131950-006_Cycle00001_VoltageRecording_001.csv,,BMI/BMI_191118T142948-008,BMI_191118T142948-008_Cycle00001_VoltageRecording_001.csv,,holostim/holostim_seq_191118T130319-005,holostim_seq_191118T130319-005_Cycle00001_VoltageRecording_001.csv,,HoloVTA_pretrain/HoloVTA_pretrain_191118T134157-007,,holoMask.gpl,XML_ens.xml,BaselineOnline191110T130707.mat,workspace.mat,BOT_ens.cfg,GPL_candidates_holoMask.gpl,strcMask.mat,mainProt_single_channel_fb.m,BOT_candidates.cfg,GPL_ens.gpl,seq_single_stim.xml,holostim_seq191118T130519.mat,XML_candidates.xml,roi_data.mat,BMI_target_info_20191118T134008.mat,,target_calibration_ALL_20191118T134008.mat,,BMI_online191118T142823.mat,BMI_online191118T151156.mat,
NVI22,191120,D16,hE2_rew,191120/NVI22/D16,7,baseline/baseline_191120T130929-007,baseline_191120T130929-007_Cycle00001_VoltageRecording_001.csv,,BMI/BMI_191120T141620-009,BMI_191120T141620-009_Cycle00001_VoltageRecording_001.csv,,holostim/holostim_seq_191120T130214-006,holostim_seq_191120T130214-006_Cycle00001_VoltageRecording_001.csv,,HoloVTA_pretrain/HoloVTA_pretrain_191120T132818-008,,holoMask.gpl,XML_ens.xml,BaselineOnline191112T141712.mat,,BOT_ens.cfg,GPL_candidates_holoMask.gpl,strcMask.mat,,BOT_candidates.cfg,GPL_ens.gpl,seq_single_stim.xml,holostim_seq191120T130430.mat,XML_candidates.xml,roi_data.mat,BMI_target_info_20191120T132711.mat,,target_calibration_ALL_20191120T132711.mat,,BMI_online191120T141459.mat,BMI_online191120T145828.mat,
NVI22,191122,D18,hE2_rew,191122/NVI22/D18,8,baseline/baseline_191122T131043-006,baseline_191122T131043-006_Cycle00001_VoltageRecording_001.csv,,BMI/BMI_191122T141301-008,BMI_191122T141301-008_Cycle00001_VoltageRecording_001.csv,,holostim/holostim_seq_191122T130209-005,holostim_seq_191122T130209-005_Cycle00001_VoltageRecording_001.csv,,HoloVTA_pretrain/HoloVTA_pretrain_191122T132925-007,,holoMask.gpl,XML_ens.xml,BaselineOnline191114T141027.mat,,,GPL_candidates_holoMask.gpl,strcMask.mat,,,GPL_ens.gpl,seq_single_stim.xml,holostim_seq191122T130436.mat,XML_candidates.xml,roi_data.mat,BMI_target_info_20191122T132805.mat,,target_calibration_ALL_20191122T132805.mat,,BMI_online191122T141154.mat,BMI_online191122T145509.mat,
,,,,,,,,,,,,,,,,,,,BaselineOnline191116T134558.mat,,,,,,,,,,,,,,,,,,
,,,,,,,,,,,,,,,,,,,BaselineOnline191118T131948.mat,,,,,,,,,,,,,,,,,,
,,,,,,,,,,,,,,,,,,,BaselineOnline191120T130927.mat,,,,,,,,,,,,,,,,,,
,,,,,,,,,,,,,,,,,,,BaselineOnline191122T131040.mat,,,,,,,,,,,,,,,,,,
