Variable,Peaks,Min_Diff,Sugg_Input,Voltage_File,Experiment,Limit_Size,Prev_Min_Diff
frames,27000,0.0,1,baseline,190930/NVI12/D5,False,
reward,0,0.0,5,baseline,190930/NVI12/D5,False,
bmi,25370,-1.0,7,baseline,190930/NVI12/D5,False,
holo,0,0.0,6,baseline,190930/NVI12/D5,False,
frames,75600,0.0,1,BMI,190930/NVI12/D5,False,
reward,18,0.0,5,BMI,190930/NVI12/D5,False,
bmi,74073,0.0,7,BMI,190930/NVI12/D5,False,
holo,0,0.0,6,BMI,190930/NVI12/D5,False,
frames,75600,0.0,1,HoloVTA_pretrain,190930/NVI12/D5,False,
reward,82,0.0,5,HoloVTA_pretrain,190930/NVI12/D5,False,
bmi,74148,-1.0,7,HoloVTA_pretrain,190930/NVI12/D5,False,
holo,113,1.0,6,HoloVTA_pretrain,190930/NVI12/D5,False,
frames,2600,0.0,1,holostim_seq,190930/NVI12/D5,False,
reward,0,0.0,5,holostim_seq,190930/NVI12/D5,False,
bmi,2599,-1.0,7,holostim_seq,190930/NVI12/D5,False,
holo,38,0.0,6,holostim_seq,190930/NVI12/D5,False,
frames,27000,0.0,1,baseline,190930/NVI13/D5,False,
reward,0,0.0,5,baseline,190930/NVI13/D5,False,
bmi,25792,-38.0,7,baseline,190930/NVI13/D5,False,
holo,0,0.0,6,baseline,190930/NVI13/D5,False,
frames,75600,0.0,1,BMI,190930/NVI13/D5,False,
reward,69,0.0,5,BMI,190930/NVI13/D5,False,
bmi,74183,0.0,7,BMI,190930/NVI13/D5,False,
holo,0,0.0,6,BMI,190930/NVI13/D5,False,
frames,75600,0.0,1,HoloVTA_pretrain,190930/NVI13/D5,False,
reward,103,0.0,5,HoloVTA_pretrain,190930/NVI13/D5,False,
bmi,73044,1.0,7,HoloVTA_pretrain,190930/NVI13/D5,False,
holo,112,1.0,6,HoloVTA_pretrain,190930/NVI13/D5,False,
frames,2900,0.0,1,holostim_seq,190930/NVI13/D5,False,
reward,0,0.0,5,holostim_seq,190930/NVI13/D5,False,
bmi,2899,-1.0,7,holostim_seq,190930/NVI13/D5,False,
holo,44,0.0,6,holostim_seq,190930/NVI13/D5,False,
frames,27000,0.0,1,baseline,190930/NVI16/D5,False,
reward,0,0.0,5,baseline,190930/NVI16/D5,False,
bmi,26441,-2.0,7,baseline,190930/NVI16/D5,False,
holo,0,0.0,6,baseline,190930/NVI16/D5,False,
frames,75600,0.0,1,BMI,190930/NVI16/D5,False,
reward,19,0.0,5,BMI,190930/NVI16/D5,False,
bmi,72704,-1.0,7,BMI,190930/NVI16/D5,False,
holo,0,0.0,6,BMI,190930/NVI16/D5,False,
frames,75600,0.0,1,HoloVTA_pretrain,190930/NVI16/D5,False,
reward,77,0.0,5,HoloVTA_pretrain,190930/NVI16/D5,False,
bmi,73310,-1.0,7,HoloVTA_pretrain,190930/NVI16/D5,False,
holo,102,1.0,6,HoloVTA_pretrain,190930/NVI16/D5,False,
frames,2400,0.0,1,holostim_seq,190930/NVI16/D5,False,
reward,0,0.0,5,holostim_seq,190930/NVI16/D5,False,
bmi,2400,-1.0,7,holostim_seq,190930/NVI16/D5,False,
holo,35,0.0,6,holostim_seq,190930/NVI16/D5,False,
frames,27000,0.0,1,baseline,191001/NVI12/D6,False,
reward,0,0.0,5,baseline,191001/NVI12/D6,False,
bmi,26211,0.0,7,baseline,191001/NVI12/D6,False,
holo,0,0.0,6,baseline,191001/NVI12/D6,False,
frames,75600,0.0,1,BMI,191001/NVI12/D6,False,
reward,35,0.0,5,BMI,191001/NVI12/D6,False,
bmi,73326,0.0,7,BMI,191001/NVI12/D6,False,
holo,0,0.0,6,BMI,191001/NVI12/D6,False,
frames,75600,0.0,1,HoloVTA_pretrain,191001/NVI12/D6,False,
reward,96,0.0,5,HoloVTA_pretrain,191001/NVI12/D6,False,
bmi,73323,-2.0,7,HoloVTA_pretrain,191001/NVI12/D6,False,
holo,106,1.0,6,HoloVTA_pretrain,191001/NVI12/D6,False,
frames,3300,0.0,1,holostim_seq,191001/NVI12/D6,False,
reward,0,0.0,5,holostim_seq,191001/NVI12/D6,False,
bmi,3298,-1.0,7,holostim_seq,191001/NVI12/D6,False,
holo,50,0.0,6,holostim_seq,191001/NVI12/D6,False,
frames,27000,0.0,1,baseline,191001/NVI13/D6,False,
reward,0,0.0,5,baseline,191001/NVI13/D6,False,
bmi,26229,-1.0,7,baseline,191001/NVI13/D6,False,
holo,0,0.0,6,baseline,191001/NVI13/D6,False,
frames,75600,0.0,1,BMI,191001/NVI13/D6,False,
reward,20,0.0,5,BMI,191001/NVI13/D6,False,
bmi,73281,-3.0,7,BMI,191001/NVI13/D6,False,
holo,0,0.0,6,BMI,191001/NVI13/D6,False,
frames,75600,0.0,1,HoloVTA_pretrain,191001/NVI13/D6,False,
reward,109,0.0,5,HoloVTA_pretrain,191001/NVI13/D6,False,
bmi,73425,-1.0,7,HoloVTA_pretrain,191001/NVI13/D6,False,
holo,109,-1.0,5,HoloVTA_pretrain,191001/NVI13/D6,False,
frames,3000,0.0,1,holostim_seq,191001/NVI13/D6,False,
reward,0,0.0,5,holostim_seq,191001/NVI13/D6,False,
bmi,2999,-1.0,7,holostim_seq,191001/NVI13/D6,False,
holo,44,0.0,6,holostim_seq,191001/NVI13/D6,False,
frames,27000,0.0,1,baseline,191003/NVI12/D8,False,
reward,0,0.0,5,baseline,191003/NVI12/D8,False,
bmi,25806,-12.0,7,baseline,191003/NVI12/D8,False,
holo,0,0.0,6,baseline,191003/NVI12/D8,False,
frames,75600,0.0,1,BMI,191003/NVI12/D8,False,
reward,9,0.0,5,BMI,191003/NVI12/D8,False,
bmi,73701,-2.0,7,BMI,191003/NVI12/D8,False,
holo,0,0.0,6,BMI,191003/NVI12/D8,False,
frames,76528,0.0,1,HoloVTA_pretrain,191003/NVI12/D8,False,
reward,105,0.0,5,HoloVTA_pretrain,191003/NVI12/D8,False,
bmi,74541,-1.0,7,HoloVTA_pretrain,191003/NVI12/D8,False,
holo,111,2.0,6,HoloVTA_pretrain,191003/NVI12/D8,False,
frames,3000,0.0,1,holostim_seq,191003/NVI12/D8,False,
reward,0,0.0,5,holostim_seq,191003/NVI12/D8,False,
bmi,2999,-2.0,7,holostim_seq,191003/NVI12/D8,False,
holo,45,0.0,6,holostim_seq,191003/NVI12/D8,False,
frames,27000,0.0,1,baseline,191005/NVI12/D10,False,
reward,0,0.0,5,baseline,191005/NVI12/D10,False,
bmi,22631,-1.0,7,baseline,191005/NVI12/D10,False,
holo,0,0.0,6,baseline,191005/NVI12/D10,False,
frames,75600,0.0,1,BMI,191005/NVI12/D10,False,
reward,29,0.0,5,BMI,191005/NVI12/D10,False,
bmi,63593,0.0,7,BMI,191005/NVI12/D10,False,
holo,0,0.0,6,BMI,191005/NVI12/D10,False,
frames,84461,0.0,1,HoloVTA_pretrain,191005/NVI12/D10,False,
reward,101,0.0,5,HoloVTA_pretrain,191005/NVI12/D10,False,
bmi,71017,0.0,7,HoloVTA_pretrain,191005/NVI12/D10,False,
holo,101,-5.0,5,HoloVTA_pretrain,191005/NVI12/D10,False,
frames,6200,0.0,1,holostim_seq,191005/NVI12/D10,False,
reward,0,0.0,5,holostim_seq,191005/NVI12/D10,False,
bmi,6198,-2.0,7,holostim_seq,191005/NVI12/D10,False,
holo,95,0.0,6,holostim_seq,191005/NVI12/D10,False,
frames,27000,0.0,1,baseline,191005/NVI13/D10,False,
reward,0,0.0,5,baseline,191005/NVI13/D10,False,
bmi,22606,-2.0,7,baseline,191005/NVI13/D10,False,
holo,0,0.0,6,baseline,191005/NVI13/D10,False,
frames,75600,0.0,1,BMI,191005/NVI13/D10,False,
reward,25,0.0,5,BMI,191005/NVI13/D10,False,
bmi,63526,-2.0,7,BMI,191005/NVI13/D10,False,
holo,0,0.0,6,BMI,191005/NVI13/D10,False,
frames,99822,0.0,1,HoloVTA_pretrain,191005/NVI13/D10,False,
reward,111,0.0,5,HoloVTA_pretrain,191005/NVI13/D10,False,
bmi,83881,-1.0,7,HoloVTA_pretrain,191005/NVI13/D10,False,
holo,121,1.0,6,HoloVTA_pretrain,191005/NVI13/D10,False,
frames,3600,0.0,1,holostim_seq,191005/NVI13/D10,False,
reward,0,0.0,5,holostim_seq,191005/NVI13/D10,False,
bmi,3598,-1.0,7,holostim_seq,191005/NVI13/D10,False,
holo,54,0.0,6,holostim_seq,191005/NVI13/D10,False,
frames,27000,0.0,1,baseline,191007/NVI13/D12,False,
reward,0,0.0,5,baseline,191007/NVI13/D12,False,
bmi,23377,-3.0,7,baseline,191007/NVI13/D12,False,
holo,0,0.0,6,baseline,191007/NVI13/D12,False,
frames,75600,0.0,1,BMI,191007/NVI13/D12,False,
reward,6,0.0,5,BMI,191007/NVI13/D12,False,
bmi,63735,0.0,7,BMI,191007/NVI13/D12,False,
holo,0,0.0,6,BMI,191007/NVI13/D12,False,
frames,79290,0.0,1,HoloVTA_pretrain,191007/NVI13/D12,False,
reward,100,0.0,5,HoloVTA_pretrain,191007/NVI13/D12,False,
bmi,66622,-3.0,7,HoloVTA_pretrain,191007/NVI13/D12,False,
holo,103,1.0,6,HoloVTA_pretrain,191007/NVI13/D12,False,
frames,3200,0.0,1,holostim_seq,191007/NVI13/D12,False,
reward,0,0.0,5,holostim_seq,191007/NVI13/D12,False,
bmi,3200,-1.0,7,holostim_seq,191007/NVI13/D12,False,
holo,44,0.0,6,holostim_seq,191007/NVI13/D12,False,
frames,27000,0.0,1,baseline,191007/NVI16/D12,False,
reward,0,0.0,5,baseline,191007/NVI16/D12,False,
bmi,22673,-1.0,7,baseline,191007/NVI16/D12,False,
holo,0,0.0,6,baseline,191007/NVI16/D12,False,
frames,75600,0.0,1,BMI,191007/NVI16/D12,False,
reward,15,0.0,5,BMI,191007/NVI16/D12,False,
bmi,63700,-1.0,7,BMI,191007/NVI16/D12,False,
holo,0,0.0,6,BMI,191007/NVI16/D12,False,
frames,90074,0.0,1,HoloVTA_pretrain,191007/NVI16/D12,False,
reward,100,0.0,5,HoloVTA_pretrain,191007/NVI16/D12,False,
bmi,79125,-3.0,7,HoloVTA_pretrain,191007/NVI16/D12,False,
holo,116,1.0,6,HoloVTA_pretrain,191007/NVI16/D12,False,
frames,3000,0.0,1,holostim_seq,191007/NVI16/D12,False,
reward,0,0.0,5,holostim_seq,191007/NVI16/D12,False,
bmi,2998,-1.0,7,holostim_seq,191007/NVI16/D12,False,
holo,44,0.0,6,holostim_seq,191007/NVI16/D12,False,
frames,27000,0.0,1,baseline,191009/NVI13/D14,False,
reward,0,0.0,5,baseline,191009/NVI13/D14,False,
bmi,26339,-2.0,7,baseline,191009/NVI13/D14,False,
holo,0,0.0,6,baseline,191009/NVI13/D14,False,
frames,75600,0.0,1,BMI,191009/NVI13/D14,False,
reward,22,0.0,5,BMI,191009/NVI13/D14,False,
bmi,74373,0.0,7,BMI,191009/NVI13/D14,False,
holo,0,0.0,6,BMI,191009/NVI13/D14,False,
frames,76247,0.0,1,HoloVTA_pretrain,191009/NVI13/D14,False,
reward,101,0.0,5,HoloVTA_pretrain,191009/NVI13/D14,False,
bmi,73713,-1.0,7,HoloVTA_pretrain,191009/NVI13/D14,False,
holo,106,1.0,6,HoloVTA_pretrain,191009/NVI13/D14,False,
frames,3000,0.0,1,holostim_seq,191009/NVI13/D14,False,
reward,0,0.0,5,holostim_seq,191009/NVI13/D14,False,
bmi,2999,-1.0,7,holostim_seq,191009/NVI13/D14,False,
holo,45,0.0,6,holostim_seq,191009/NVI13/D14,False,
frames,27000,0.0,1,baseline,191009/NVI16/D14,False,
reward,0,0.0,5,baseline,191009/NVI16/D14,False,
bmi,26595,-2.0,7,baseline,191009/NVI16/D14,False,
holo,0,0.0,6,baseline,191009/NVI16/D14,False,
frames,75600,0.0,1,BMI,191009/NVI16/D14,False,
reward,13,0.0,5,BMI,191009/NVI16/D14,False,
bmi,74461,0.0,7,BMI,191009/NVI16/D14,False,
holo,0,0.0,6,BMI,191009/NVI16/D14,False,
frames,76629,0.0,1,HoloVTA_pretrain,191009/NVI16/D14,False,
reward,101,0.0,5,HoloVTA_pretrain,191009/NVI16/D14,False,
bmi,75621,0.0,7,HoloVTA_pretrain,191009/NVI16/D14,False,
holo,113,1.0,6,HoloVTA_pretrain,191009/NVI16/D14,False,
frames,2400,0.0,1,holostim_seq,191009/NVI16/D14,False,
reward,0,0.0,5,holostim_seq,191009/NVI16/D14,False,
bmi,2400,-1.0,7,holostim_seq,191009/NVI16/D14,False,
holo,36,0.0,6,holostim_seq,191009/NVI16/D14,False,
frames,27000,0.0,1,baseline,191011/NVI12/D16,False,
reward,0,0.0,5,baseline,191011/NVI12/D16,False,
bmi,26548,-2.0,7,baseline,191011/NVI12/D16,False,
holo,0,0.0,6,baseline,191011/NVI12/D16,False,
frames,75600,0.0,1,BMI,191011/NVI12/D16,False,
reward,39,0.0,5,BMI,191011/NVI12/D16,False,
bmi,74522,-1.0,7,BMI,191011/NVI12/D16,False,
holo,0,0.0,6,BMI,191011/NVI12/D16,False,
frames,109678,0.0,1,HoloVTA_pretrain,191011/NVI12/D16,False,
reward,72,0.0,5,HoloVTA_pretrain,191011/NVI12/D16,False,
bmi,108001,1.0,7,HoloVTA_pretrain,191011/NVI12/D16,False,
holo,136,1.0,6,HoloVTA_pretrain,191011/NVI12/D16,False,
frames,5300,0.0,1,holostim_seq,191011/NVI12/D16,False,
reward,0,0.0,5,holostim_seq,191011/NVI12/D16,False,
bmi,5296,-1.0,7,holostim_seq,191011/NVI12/D16,False,
holo,81,0.0,6,holostim_seq,191011/NVI12/D16,False,
frames,27000,0.0,1,baseline,191011/NVI13/D16,False,
reward,0,0.0,5,baseline,191011/NVI13/D16,False,
bmi,26633,-1.0,7,baseline,191011/NVI13/D16,False,
holo,0,0.0,6,baseline,191011/NVI13/D16,False,
frames,75600,0.0,1,BMI,191011/NVI13/D16,False,
reward,10,0.0,5,BMI,191011/NVI13/D16,False,
bmi,74643,0.0,7,BMI,191011/NVI13/D16,False,
holo,0,0.0,6,BMI,191011/NVI13/D16,False,
frames,78257,0.0,1,HoloVTA_pretrain,191011/NVI13/D16,False,
reward,100,0.0,5,HoloVTA_pretrain,191011/NVI13/D16,False,
bmi,77324,0.0,7,HoloVTA_pretrain,191011/NVI13/D16,False,
holo,117,1.0,6,HoloVTA_pretrain,191011/NVI13/D16,False,
frames,3000,0.0,1,holostim_seq,191011/NVI13/D16,False,
reward,0,0.0,5,holostim_seq,191011/NVI13/D16,False,
bmi,2999,-1.0,7,holostim_seq,191011/NVI13/D16,False,
holo,45,0.0,6,holostim_seq,191011/NVI13/D16,False,
frames,27000,0.0,1,baseline,191013/NVI12/D18,False,
reward,0,0.0,5,baseline,191013/NVI12/D18,False,
bmi,26584,-1.0,7,baseline,191013/NVI12/D18,False,
holo,0,0.0,6,baseline,191013/NVI12/D18,False,
frames,75600,0.0,1,BMI,191013/NVI12/D18,False,
reward,22,0.0,5,BMI,191013/NVI12/D18,False,
bmi,74415,-4.0,7,BMI,191013/NVI12/D18,False,
holo,0,0.0,6,BMI,191013/NVI12/D18,False,
frames,78885,0.0,1,HoloVTA_pretrain,191013/NVI12/D18,False,
reward,103,0.0,5,HoloVTA_pretrain,191013/NVI12/D18,False,
bmi,77874,-3.0,7,HoloVTA_pretrain,191013/NVI12/D18,False,
holo,111,1.0,6,HoloVTA_pretrain,191013/NVI12/D18,False,
frames,4900,0.0,1,holostim_seq,191013/NVI12/D18,False,
reward,0,0.0,5,holostim_seq,191013/NVI12/D18,False,
bmi,4895,-2.0,7,holostim_seq,191013/NVI12/D18,False,
holo,75,0.0,6,holostim_seq,191013/NVI12/D18,False,
frames,27000,0.0,1,baseline,191013/NVI13/D18,False,
reward,0,0.0,5,baseline,191013/NVI13/D18,False,
bmi,26077,-3.0,7,baseline,191013/NVI13/D18,False,
holo,0,0.0,6,baseline,191013/NVI13/D18,False,
frames,75600,0.0,1,BMI,191013/NVI13/D18,False,
reward,12,0.0,5,BMI,191013/NVI13/D18,False,
bmi,74659,1.0,7,BMI,191013/NVI13/D18,False,
holo,0,0.0,6,BMI,191013/NVI13/D18,False,
frames,75512,0.0,1,HoloVTA_pretrain,191013/NVI13/D18,False,
reward,100,0.0,5,HoloVTA_pretrain,191013/NVI13/D18,False,
bmi,74512,0.0,7,HoloVTA_pretrain,191013/NVI13/D18,False,
holo,114,1.0,6,HoloVTA_pretrain,191013/NVI13/D18,False,
frames,2600,0.0,1,holostim_seq,191013/NVI13/D18,False,
reward,0,0.0,5,holostim_seq,191013/NVI13/D18,False,
bmi,2600,-1.0,7,holostim_seq,191013/NVI13/D18,False,
holo,39,0.0,6,holostim_seq,191013/NVI13/D18,False,
frames,72000,0.0,1,baseline,191015/NVI13/D20,False,
reward,0,0.0,5,baseline,191015/NVI13/D20,False,
bmi,69890,-1.0,7,baseline,191015/NVI13/D20,False,
holo,0,0.0,6,baseline,191015/NVI13/D20,False,
frames,75600,0.0,1,BMI,191015/NVI13/D20,False,
reward,30,0.0,5,BMI,191015/NVI13/D20,False,
bmi,74369,-1.0,7,BMI,191015/NVI13/D20,False,
holo,0,0.0,6,BMI,191015/NVI13/D20,False,
frames,76495,0.0,1,HoloVTA_pretrain,191015/NVI13/D20,False,
reward,102,0.0,5,HoloVTA_pretrain,191015/NVI13/D20,False,
bmi,75382,0.0,7,HoloVTA_pretrain,191015/NVI13/D20,False,
holo,110,1.0,6,HoloVTA_pretrain,191015/NVI13/D20,False,
frames,2800,0.0,1,holostim_seq,191015/NVI13/D20,False,
reward,0,0.0,5,holostim_seq,191015/NVI13/D20,False,
bmi,2800,-1.0,7,holostim_seq,191015/NVI13/D20,False,
holo,41,0.0,6,holostim_seq,191015/NVI13/D20,False,
frames,72000,0.0,1,baseline,191015/NVI16/D20,False,
reward,0,0.0,5,baseline,191015/NVI16/D20,False,
bmi,70954,-2.0,7,baseline,191015/NVI16/D20,False,
holo,0,0.0,6,baseline,191015/NVI16/D20,False,
frames,75600,0.0,1,BMI,191015/NVI16/D20,False,
reward,7,0.0,5,BMI,191015/NVI16/D20,False,
bmi,73373,-1.0,7,BMI,191015/NVI16/D20,False,
holo,0,0.0,6,BMI,191015/NVI16/D20,False,
frames,76299,0.0,1,HoloVTA_pretrain,191015/NVI16/D20,False,
reward,104,0.0,5,HoloVTA_pretrain,191015/NVI16/D20,False,
bmi,75286,-1.0,7,HoloVTA_pretrain,191015/NVI16/D20,False,
holo,108,1.0,6,HoloVTA_pretrain,191015/NVI16/D20,False,
frames,3800,0.0,1,holostim_seq,191015/NVI16/D20,False,
reward,0,0.0,5,holostim_seq,191015/NVI16/D20,False,
bmi,3798,-1.0,7,holostim_seq,191015/NVI16/D20,False,
holo,58,0.0,6,holostim_seq,191015/NVI16/D20,False,
frames,72000,0.0,1,baseline,191017/NVI12/D22,False,
reward,0,0.0,5,baseline,191017/NVI12/D22,False,
bmi,70724,-2.0,7,baseline,191017/NVI12/D22,False,
holo,0,0.0,6,baseline,191017/NVI12/D22,False,
frames,75600,0.0,1,BMI,191017/NVI12/D22,False,
reward,6,0.0,5,BMI,191017/NVI12/D22,False,
bmi,74526,0.0,7,BMI,191017/NVI12/D22,False,
holo,0,0.0,6,BMI,191017/NVI12/D22,False,
frames,80244,0.0,1,HoloVTA_pretrain,191017/NVI12/D22,False,
reward,100,0.0,5,HoloVTA_pretrain,191017/NVI12/D22,False,
bmi,78358,-1.0,7,HoloVTA_pretrain,191017/NVI12/D22,False,
holo,114,1.0,6,HoloVTA_pretrain,191017/NVI12/D22,False,
frames,3500,0.0,1,holostim_seq,191017/NVI12/D22,False,
reward,0,0.0,5,holostim_seq,191017/NVI12/D22,False,
bmi,3499,-1.0,7,holostim_seq,191017/NVI12/D22,False,
holo,53,0.0,6,holostim_seq,191017/NVI12/D22,False,
frames,72000,0.0,1,baseline,191017/NVI13/D22,False,
reward,0,0.0,5,baseline,191017/NVI13/D22,False,
bmi,69404,-2.0,7,baseline,191017/NVI13/D22,False,
holo,0,0.0,6,baseline,191017/NVI13/D22,False,
frames,75600,0.0,1,BMI,191017/NVI13/D22,False,
reward,8,0.0,5,BMI,191017/NVI13/D22,False,
bmi,73324,-1.0,7,BMI,191017/NVI13/D22,False,
holo,0,0.0,6,BMI,191017/NVI13/D22,False,
frames,77632,0.0,1,HoloVTA_pretrain,191017/NVI13/D22,False,
reward,100,0.0,5,HoloVTA_pretrain,191017/NVI13/D22,False,
bmi,76493,-1.0,7,HoloVTA_pretrain,191017/NVI13/D22,False,
holo,116,1.0,6,HoloVTA_pretrain,191017/NVI13/D22,False,
frames,2400,0.0,1,holostim_seq,191017/NVI13/D22,False,
reward,0,0.0,5,holostim_seq,191017/NVI13/D22,False,
bmi,2400,-1.0,7,holostim_seq,191017/NVI13/D22,False,
holo,35,0.0,6,holostim_seq,191017/NVI13/D22,False,
frames,72000,0.0,1,baseline,191017/NVI16/D22,False,
reward,0,0.0,5,baseline,191017/NVI16/D22,False,
bmi,70113,-1.0,7,baseline,191017/NVI16/D22,False,
holo,0,0.0,6,baseline,191017/NVI16/D22,False,
frames,75600,0.0,1,BMI,191017/NVI16/D22,False,
reward,14,0.0,5,BMI,191017/NVI16/D22,False,
bmi,74230,-1.0,7,BMI,191017/NVI16/D22,False,
holo,0,0.0,6,BMI,191017/NVI16/D22,False,
frames,89521,0.0,1,HoloVTA_pretrain,191017/NVI16/D22,False,
reward,104,0.0,5,HoloVTA_pretrain,191017/NVI16/D22,False,
bmi,87167,-1.0,7,HoloVTA_pretrain,191017/NVI16/D22,False,
holo,123,1.0,6,HoloVTA_pretrain,191017/NVI16/D22,False,
frames,2100,0.0,1,holostim_seq,191017/NVI16/D22,False,
reward,0,0.0,5,holostim_seq,191017/NVI16/D22,False,
bmi,2100,-1.0,7,holostim_seq,191017/NVI16/D22,False,
holo,31,0.0,6,holostim_seq,191017/NVI16/D22,False,
frames,27000,0.0,1,baseline,191025/NVI13/D25,False,
reward,0,0.0,5,baseline,191025/NVI13/D25,False,
bmi,25902,-2.0,7,baseline,191025/NVI13/D25,False,
holo,0,0.0,6,baseline,191025/NVI13/D25,False,
frames,75600,0.0,1,BMI,191025/NVI13/D25,False,
reward,9,0.0,5,BMI,191025/NVI13/D25,False,
bmi,74120,-1.0,7,BMI,191025/NVI13/D25,False,
holo,0,0.0,6,BMI,191025/NVI13/D25,False,
frames,75620,0.0,1,HoloVTA_pretrain,191025/NVI13/D25,False,
reward,101,0.0,5,HoloVTA_pretrain,191025/NVI13/D25,False,
bmi,72388,1.0,7,HoloVTA_pretrain,191025/NVI13/D25,True,-10.0
holo,110,1.0,6,HoloVTA_pretrain,191025/NVI13/D25,True,1.0
frames,1600,0.0,1,holostim_seq,191025/NVI13/D25,False,
reward,0,0.0,5,holostim_seq,191025/NVI13/D25,False,
bmi,1600,-1.0,7,holostim_seq,191025/NVI13/D25,False,
holo,23,0.0,6,holostim_seq,191025/NVI13/D25,False,
frames,27000,0.0,1,baseline,191031/NVI12/D31,False,
reward,0,0.0,5,baseline,191031/NVI12/D31,False,
bmi,26530,-2.0,7,baseline,191031/NVI12/D31,False,
holo,0,0.0,6,baseline,191031/NVI12/D31,False,
frames,75600,0.0,1,BMI,191031/NVI12/D31,False,
reward,38,0.0,5,BMI,191031/NVI12/D31,False,
bmi,74333,-1.0,7,BMI,191031/NVI12/D31,False,
holo,0,0.0,6,BMI,191031/NVI12/D31,False,
frames,85547,0.0,1,HoloVTA_pretrain,191031/NVI12/D31,False,
reward,100,0.0,5,HoloVTA_pretrain,191031/NVI12/D31,False,
bmi,84224,0.0,7,HoloVTA_pretrain,191031/NVI12/D31,False,
holo,124,8.0,6,HoloVTA_pretrain,191031/NVI12/D31,False,
frames,2700,0.0,1,holostim_seq,191031/NVI12/D31,False,
reward,0,0.0,5,holostim_seq,191031/NVI12/D31,False,
bmi,2700,-1.0,7,holostim_seq,191031/NVI12/D31,False,
holo,40,0.0,6,holostim_seq,191031/NVI12/D31,False,
frames,27000,0.0,1,baseline,191031/NVI13/D31,False,
reward,0,0.0,5,baseline,191031/NVI13/D31,False,
bmi,26545,-1.0,7,baseline,191031/NVI13/D31,False,
holo,0,0.0,6,baseline,191031/NVI13/D31,False,
frames,75600,0.0,1,BMI,191031/NVI13/D31,False,
reward,23,0.0,5,BMI,191031/NVI13/D31,False,
bmi,74444,0.0,7,BMI,191031/NVI13/D31,False,
holo,0,0.0,6,BMI,191031/NVI13/D31,False,
frames,77184,0.0,1,HoloVTA_pretrain,191031/NVI13/D31,False,
reward,100,0.0,5,HoloVTA_pretrain,191031/NVI13/D31,False,
bmi,74979,1.0,7,HoloVTA_pretrain,191031/NVI13/D31,False,
holo,115,1.0,6,HoloVTA_pretrain,191031/NVI13/D31,False,
frames,2493,0.0,1,holostim_seq,191031/NVI13/D31,False,
reward,0,0.0,5,holostim_seq,191031/NVI13/D31,False,
bmi,2493,-2.0,7,holostim_seq,191031/NVI13/D31,False,
holo,37,0.0,6,holostim_seq,191031/NVI13/D31,False,
frames,27000,0.0,1,baseline,191102/NVI12/D33,False,
reward,0,0.0,5,baseline,191102/NVI12/D33,False,
bmi,25919,-2.0,7,baseline,191102/NVI12/D33,False,
holo,0,0.0,6,baseline,191102/NVI12/D33,False,
frames,75600,0.0,1,BMI,191102/NVI12/D33,False,
reward,13,0.0,5,BMI,191102/NVI12/D33,False,
bmi,74332,0.0,7,BMI,191102/NVI12/D33,False,
holo,0,0.0,6,BMI,191102/NVI12/D33,False,
frames,85049,0.0,1,HoloVTA_pretrain,191102/NVI12/D33,False,
reward,88,0.0,5,HoloVTA_pretrain,191102/NVI12/D33,False,
bmi,83772,0.0,7,HoloVTA_pretrain,191102/NVI12/D33,False,
holo,121,1.0,6,HoloVTA_pretrain,191102/NVI12/D33,False,
frames,2400,0.0,1,holostim_seq,191102/NVI12/D33,False,
reward,0,0.0,5,holostim_seq,191102/NVI12/D33,False,
bmi,2400,-1.0,7,holostim_seq,191102/NVI12/D33,False,
holo,36,0.0,6,holostim_seq,191102/NVI12/D33,False,
frames,27000,0.0,1,baseline,191102/NVI13/D33,False,
reward,0,0.0,5,baseline,191102/NVI13/D33,False,
bmi,25715,-1.0,7,baseline,191102/NVI13/D33,False,
holo,0,0.0,6,baseline,191102/NVI13/D33,False,
frames,75600,0.0,1,BMI,191102/NVI13/D33,False,
reward,7,0.0,5,BMI,191102/NVI13/D33,False,
bmi,73987,0.0,7,BMI,191102/NVI13/D33,False,
holo,0,0.0,6,BMI,191102/NVI13/D33,False,
frames,75634,0.0,1,HoloVTA_pretrain,191102/NVI13/D33,False,
reward,104,0.0,5,HoloVTA_pretrain,191102/NVI13/D33,False,
bmi,73782,-1.0,7,HoloVTA_pretrain,191102/NVI13/D33,False,
holo,108,1.0,6,HoloVTA_pretrain,191102/NVI13/D33,False,
frames,2800,0.0,1,holostim_seq,191102/NVI13/D33,False,
reward,0,0.0,5,holostim_seq,191102/NVI13/D33,False,
bmi,2798,-1.0,7,holostim_seq,191102/NVI13/D33,False,
holo,42,0.0,6,holostim_seq,191102/NVI13/D33,False,
frames,27000,0.0,1,baseline,191102/NVI16/D33,False,
reward,0,0.0,5,baseline,191102/NVI16/D33,False,
bmi,26498,-2.0,7,baseline,191102/NVI16/D33,False,
holo,0,0.0,6,baseline,191102/NVI16/D33,False,
frames,75600,0.0,1,BMI,191102/NVI16/D33,False,
reward,26,0.0,5,BMI,191102/NVI16/D33,False,
bmi,74467,-1.0,7,BMI,191102/NVI16/D33,False,
holo,0,0.0,6,BMI,191102/NVI16/D33,False,
frames,76196,0.0,1,HoloVTA_pretrain,191102/NVI16/D33,False,
reward,107,0.0,5,HoloVTA_pretrain,191102/NVI16/D33,False,
bmi,73428,1.0,7,HoloVTA_pretrain,191102/NVI16/D33,False,
holo,118,1.0,6,HoloVTA_pretrain,191102/NVI16/D33,False,
frames,3000,0.0,1,holostim_seq,191102/NVI16/D33,False,
reward,0,0.0,5,holostim_seq,191102/NVI16/D33,False,
bmi,2999,-1.0,7,holostim_seq,191102/NVI16/D33,False,
holo,44,0.0,6,holostim_seq,191102/NVI16/D33,False,
frames,27000,0.0,1,baseline,191104/NVI12/D35,False,
reward,0,0.0,5,baseline,191104/NVI12/D35,False,
bmi,26507,-2.0,7,baseline,191104/NVI12/D35,False,
holo,0,0.0,6,baseline,191104/NVI12/D35,False,
frames,75600,0.0,1,BMI,191104/NVI12/D35,False,
reward,7,0.0,5,BMI,191104/NVI12/D35,False,
bmi,74277,-1.0,7,BMI,191104/NVI12/D35,False,
holo,0,0.0,6,BMI,191104/NVI12/D35,False,
frames,86797,0.0,1,HoloVTA_pretrain,191104/NVI12/D35,False,
reward,100,0.0,5,HoloVTA_pretrain,191104/NVI12/D35,False,
bmi,85512,0.0,7,HoloVTA_pretrain,191104/NVI12/D35,False,
holo,120,1.0,6,HoloVTA_pretrain,191104/NVI12/D35,False,
frames,1900,0.0,1,holostim_seq,191104/NVI12/D35,False,
reward,0,0.0,5,holostim_seq,191104/NVI12/D35,False,
bmi,1900,-1.0,7,holostim_seq,191104/NVI12/D35,False,
holo,28,0.0,6,holostim_seq,191104/NVI12/D35,False,
frames,27000,0.0,1,baseline,191104/NVI16/D35,False,
reward,0,0.0,5,baseline,191104/NVI16/D35,False,
bmi,26321,-3.0,7,baseline,191104/NVI16/D35,False,
holo,0,0.0,6,baseline,191104/NVI16/D35,False,
frames,75600,0.0,1,BMI,191104/NVI16/D35,False,
reward,5,0.0,5,BMI,191104/NVI16/D35,False,
bmi,74190,0.0,7,BMI,191104/NVI16/D35,False,
holo,0,0.0,6,BMI,191104/NVI16/D35,False,
frames,88835,0.0,1,HoloVTA_pretrain,191104/NVI16/D35,False,
reward,117,0.0,5,HoloVTA_pretrain,191104/NVI16/D35,False,
bmi,87543,0.0,7,HoloVTA_pretrain,191104/NVI16/D35,False,
holo,128,1.0,6,HoloVTA_pretrain,191104/NVI16/D35,False,
frames,2100,0.0,1,holostim_seq,191104/NVI16/D35,False,
reward,0,0.0,5,holostim_seq,191104/NVI16/D35,False,
bmi,2099,-1.0,7,holostim_seq,191104/NVI16/D35,False,
holo,30,0.0,6,holostim_seq,191104/NVI16/D35,False,
frames,27000,0.0,1,baseline,191108/NVI22/D04,False,
reward,0,0.0,5,baseline,191108/NVI22/D04,False,
bmi,26586,-2.0,7,baseline,191108/NVI22/D04,False,
holo,0,0.0,6,baseline,191108/NVI22/D04,False,
frames,75600,0.0,1,BMI,191108/NVI22/D04,False,
reward,10,0.0,5,BMI,191108/NVI22/D04,False,
bmi,74058,0.0,7,BMI,191108/NVI22/D04,False,
holo,0,0.0,6,BMI,191108/NVI22/D04,False,
frames,81943,0.0,1,HoloVTA_pretrain,191108/NVI22/D04,False,
reward,103,0.0,5,HoloVTA_pretrain,191108/NVI22/D04,False,
bmi,80663,0.0,7,HoloVTA_pretrain,191108/NVI22/D04,False,
holo,124,1.0,6,HoloVTA_pretrain,191108/NVI22/D04,False,
frames,4300,0.0,1,holostim_seq,191108/NVI22/D04,False,
reward,0,0.0,5,holostim_seq,191108/NVI22/D04,False,
bmi,4298,-2.0,7,holostim_seq,191108/NVI22/D04,False,
holo,65,0.0,6,holostim_seq,191108/NVI22/D04,False,
frames,27000,0.0,1,baseline,191108/NVI21/D04,False,
reward,0,0.0,5,baseline,191108/NVI21/D04,False,
bmi,26554,0.0,7,baseline,191108/NVI21/D04,False,
holo,0,0.0,6,baseline,191108/NVI21/D04,False,
frames,75600,0.0,1,BMI,191108/NVI21/D04,False,
reward,35,0.0,5,BMI,191108/NVI21/D04,False,
bmi,74594,0.0,7,BMI,191108/NVI21/D04,False,
holo,0,0.0,6,BMI,191108/NVI21/D04,False,
frames,75611,0.0,1,HoloVTA_pretrain,191108/NVI21/D04,False,
reward,105,0.0,5,HoloVTA_pretrain,191108/NVI21/D04,False,
bmi,73205,0.0,7,HoloVTA_pretrain,191108/NVI21/D04,False,
holo,114,1.0,6,HoloVTA_pretrain,191108/NVI21/D04,False,
frames,3700,0.0,1,holostim_seq,191108/NVI21/D04,False,
reward,0,0.0,5,holostim_seq,191108/NVI21/D04,False,
bmi,3700,-1.0,7,holostim_seq,191108/NVI21/D04,False,
holo,56,0.0,6,holostim_seq,191108/NVI21/D04,False,
frames,27000,0.0,1,baseline,191108/NVI20/D04,False,
reward,0,0.0,5,baseline,191108/NVI20/D04,False,
bmi,25821,-1.0,7,baseline,191108/NVI20/D04,False,
holo,0,0.0,6,baseline,191108/NVI20/D04,False,
frames,75600,0.0,1,BMI,191108/NVI20/D04,False,
reward,28,0.0,5,BMI,191108/NVI20/D04,False,
bmi,72485,0.0,7,BMI,191108/NVI20/D04,False,
holo,0,0.0,6,BMI,191108/NVI20/D04,False,
frames,100016,0.0,1,HoloVTA_pretrain,191108/NVI20/D04,False,
reward,94,0.0,5,HoloVTA_pretrain,191108/NVI20/D04,False,
bmi,98000,-1.0,7,HoloVTA_pretrain,191108/NVI20/D04,False,
holo,145,1.0,6,HoloVTA_pretrain,191108/NVI20/D04,False,
frames,3500,0.0,1,holostim_seq,191108/NVI20/D04,False,
reward,0,0.0,5,holostim_seq,191108/NVI20/D04,False,
bmi,3499,-1.0,7,holostim_seq,191108/NVI20/D04,False,
holo,53,0.0,6,holostim_seq,191108/NVI20/D04,False,
frames,27000,0.0,1,baseline,191108/NVI17/D04,False,
reward,0,0.0,5,baseline,191108/NVI17/D04,False,
bmi,25926,-1.0,7,baseline,191108/NVI17/D04,False,
holo,0,0.0,6,baseline,191108/NVI17/D04,False,
frames,75600,0.0,1,BMI,191108/NVI17/D04,False,
reward,8,0.0,5,BMI,191108/NVI17/D04,False,
bmi,73309,0.0,7,BMI,191108/NVI17/D04,False,
holo,0,0.0,6,BMI,191108/NVI17/D04,False,
frames,83715,0.0,1,HoloVTA_pretrain,191108/NVI17/D04,False,
reward,119,0.0,5,HoloVTA_pretrain,191108/NVI17/D04,False,
bmi,81068,-1.0,7,HoloVTA_pretrain,191108/NVI17/D04,False,
holo,126,1.0,6,HoloVTA_pretrain,191108/NVI17/D04,False,
frames,2300,0.0,1,holostim_seq,191108/NVI17/D04,False,
reward,0,0.0,5,holostim_seq,191108/NVI17/D04,False,
bmi,2299,-1.0,7,holostim_seq,191108/NVI17/D04,False,
holo,34,0.0,6,holostim_seq,191108/NVI17/D04,False,
frames,27000,0.0,1,baseline,191110/NVI22/D06,False,
reward,0,0.0,5,baseline,191110/NVI22/D06,False,
bmi,25872,-1.0,7,baseline,191110/NVI22/D06,False,
holo,0,0.0,6,baseline,191110/NVI22/D06,False,
frames,75600,0.0,1,BMI,191110/NVI22/D06,False,
reward,38,0.0,5,BMI,191110/NVI22/D06,False,
bmi,74313,0.0,7,BMI,191110/NVI22/D06,False,
holo,0,0.0,6,BMI,191110/NVI22/D06,False,
frames,76945,0.0,1,HoloVTA_pretrain,191110/NVI22/D06,False,
reward,109,0.0,5,HoloVTA_pretrain,191110/NVI22/D06,False,
bmi,75409,-1.0,7,HoloVTA_pretrain,191110/NVI22/D06,False,
holo,116,1.0,6,HoloVTA_pretrain,191110/NVI22/D06,False,
frames,7100,0.0,1,holostim_seq,191110/NVI22/D06,False,
reward,0,0.0,5,holostim_seq,191110/NVI22/D06,False,
bmi,7091,-4.0,7,holostim_seq,191110/NVI22/D06,False,
holo,110,0.0,6,holostim_seq,191110/NVI22/D06,False,
frames,27000,0.0,1,baseline,191110/NVI21/D06,False,
reward,0,0.0,5,baseline,191110/NVI21/D06,False,
bmi,25548,-2.0,7,baseline,191110/NVI21/D06,False,
holo,0,0.0,6,baseline,191110/NVI21/D06,False,
frames,75600,0.0,1,BMI,191110/NVI21/D06,False,
reward,4,0.0,5,BMI,191110/NVI21/D06,False,
bmi,74478,-1.0,7,BMI,191110/NVI21/D06,False,
holo,0,0.0,6,BMI,191110/NVI21/D06,False,
frames,99369,0.0,1,HoloVTA_pretrain,191110/NVI21/D06,False,
reward,100,0.0,5,HoloVTA_pretrain,191110/NVI21/D06,False,
bmi,97701,-1.0,7,HoloVTA_pretrain,191110/NVI21/D06,False,
holo,161,13.0,6,HoloVTA_pretrain,191110/NVI21/D06,False,
frames,2405,0.0,1,holostim_seq,191110/NVI21/D06,False,
reward,0,0.0,5,holostim_seq,191110/NVI21/D06,False,
bmi,2405,-2.0,7,holostim_seq,191110/NVI21/D06,False,
holo,35,0.0,6,holostim_seq,191110/NVI21/D06,False,
frames,27000,0.0,1,baseline,191110/NVI20/D06,False,
reward,0,0.0,5,baseline,191110/NVI20/D06,False,
bmi,25675,-2.0,7,baseline,191110/NVI20/D06,False,
holo,0,0.0,6,baseline,191110/NVI20/D06,False,
frames,75600,0.0,1,BMI,191110/NVI20/D06,False,
reward,28,0.0,5,BMI,191110/NVI20/D06,False,
bmi,74352,0.0,7,BMI,191110/NVI20/D06,False,
holo,0,0.0,6,BMI,191110/NVI20/D06,False,
frames,75681,0.0,1,HoloVTA_pretrain,191110/NVI20/D06,False,
reward,107,0.0,5,HoloVTA_pretrain,191110/NVI20/D06,False,
bmi,73699,1.0,7,HoloVTA_pretrain,191110/NVI20/D06,False,
holo,112,1.0,6,HoloVTA_pretrain,191110/NVI20/D06,False,
frames,3300,0.0,1,holostim_seq,191110/NVI20/D06,False,
reward,0,0.0,5,holostim_seq,191110/NVI20/D06,False,
bmi,3299,-1.0,7,holostim_seq,191110/NVI20/D06,False,
holo,49,0.0,6,holostim_seq,191110/NVI20/D06,False,
frames,27000,0.0,1,baseline,191110/NVI17/D06,False,
reward,0,0.0,5,baseline,191110/NVI17/D06,False,
bmi,25050,-2.0,7,baseline,191110/NVI17/D06,False,
holo,0,0.0,6,baseline,191110/NVI17/D06,False,
frames,75600,0.0,1,BMI,191110/NVI17/D06,False,
reward,36,0.0,5,BMI,191110/NVI17/D06,False,
bmi,74041,-1.0,7,BMI,191110/NVI17/D06,False,
holo,0,0.0,6,BMI,191110/NVI17/D06,False,
frames,100012,0.0,1,HoloVTA_pretrain,191110/NVI17/D06,False,
reward,66,0.0,5,HoloVTA_pretrain,191110/NVI17/D06,False,
bmi,97842,-2.0,7,HoloVTA_pretrain,191110/NVI17/D06,False,
holo,173,32.0,6,HoloVTA_pretrain,191110/NVI17/D06,False,
frames,2400,0.0,1,holostim_seq,191110/NVI17/D06,False,
reward,0,0.0,5,holostim_seq,191110/NVI17/D06,False,
bmi,2400,-1.0,7,holostim_seq,191110/NVI17/D06,False,
holo,36,0.0,6,holostim_seq,191110/NVI17/D06,False,
frames,27000,0.0,1,baseline,191112/NVI22/D08,False,
reward,0,0.0,5,baseline,191112/NVI22/D08,False,
bmi,25603,-2.0,7,baseline,191112/NVI22/D08,False,
holo,0,0.0,6,baseline,191112/NVI22/D08,False,
frames,75600,0.0,1,BMI,191112/NVI22/D08,False,
reward,14,0.0,5,BMI,191112/NVI22/D08,False,
bmi,74507,-1.0,7,BMI,191112/NVI22/D08,False,
holo,0,0.0,6,BMI,191112/NVI22/D08,False,
frames,95711,0.0,1,HoloVTA_pretrain,191112/NVI22/D08,False,
reward,48,0.0,5,HoloVTA_pretrain,191112/NVI22/D08,False,
bmi,93260,-1.0,7,HoloVTA_pretrain,191112/NVI22/D08,False,
holo,211,73.0,6,HoloVTA_pretrain,191112/NVI22/D08,False,
frames,2800,0.0,1,holostim_seq,191112/NVI22/D08,False,
reward,0,0.0,5,holostim_seq,191112/NVI22/D08,False,
bmi,2798,-3.0,7,holostim_seq,191112/NVI22/D08,False,
holo,42,0.0,6,holostim_seq,191112/NVI22/D08,False,
frames,27000,0.0,1,baseline,191112/NVI21/D08,False,
reward,0,0.0,5,baseline,191112/NVI21/D08,False,
bmi,26542,-1.0,7,baseline,191112/NVI21/D08,False,
holo,0,0.0,6,baseline,191112/NVI21/D08,False,
frames,75600,0.0,1,BMI,191112/NVI21/D08,False,
reward,21,0.0,5,BMI,191112/NVI21/D08,False,
bmi,74648,0.0,7,BMI,191112/NVI21/D08,False,
holo,0,0.0,6,BMI,191112/NVI21/D08,False,
frames,81314,0.0,1,HoloVTA_pretrain,191112/NVI21/D08,False,
reward,104,0.0,5,HoloVTA_pretrain,191112/NVI21/D08,False,
bmi,80230,-1.0,7,HoloVTA_pretrain,191112/NVI21/D08,False,
holo,121,2.0,6,HoloVTA_pretrain,191112/NVI21/D08,False,
frames,2200,0.0,1,holostim_seq,191112/NVI21/D08,False,
reward,0,0.0,5,holostim_seq,191112/NVI21/D08,False,
bmi,2200,-1.0,7,holostim_seq,191112/NVI21/D08,False,
holo,32,0.0,6,holostim_seq,191112/NVI21/D08,False,
frames,27000,0.0,1,baseline,191112/NVI20/D08,False,
reward,0,0.0,5,baseline,191112/NVI20/D08,False,
bmi,25654,-2.0,7,baseline,191112/NVI20/D08,False,
holo,0,0.0,6,baseline,191112/NVI20/D08,False,
frames,75600,0.0,1,BMI,191112/NVI20/D08,False,
reward,38,0.0,5,BMI,191112/NVI20/D08,False,
bmi,72319,-1.0,7,BMI,191112/NVI20/D08,False,
holo,0,0.0,6,BMI,191112/NVI20/D08,False,
frames,81482,0.0,1,HoloVTA_pretrain,191112/NVI20/D08,False,
reward,116,0.0,5,HoloVTA_pretrain,191112/NVI20/D08,False,
bmi,79395,-1.0,7,HoloVTA_pretrain,191112/NVI20/D08,False,
holo,124,1.0,6,HoloVTA_pretrain,191112/NVI20/D08,False,
frames,2300,0.0,1,holostim_seq,191112/NVI20/D08,False,
reward,0,0.0,5,holostim_seq,191112/NVI20/D08,False,
bmi,2300,-1.0,7,holostim_seq,191112/NVI20/D08,False,
holo,34,0.0,6,holostim_seq,191112/NVI20/D08,False,
frames,27000,0.0,1,baseline,191112/NVI17/D08,False,
reward,0,0.0,5,baseline,191112/NVI17/D08,False,
bmi,24963,0.0,7,baseline,191112/NVI17/D08,False,
holo,0,0.0,6,baseline,191112/NVI17/D08,False,
frames,75600,0.0,1,BMI,191112/NVI17/D08,False,
reward,22,0.0,5,BMI,191112/NVI17/D08,False,
bmi,71908,-1.0,7,BMI,191112/NVI17/D08,False,
holo,0,0.0,6,BMI,191112/NVI17/D08,False,
frames,95776,0.0,1,HoloVTA_pretrain,191112/NVI17/D08,False,
reward,96,0.0,5,HoloVTA_pretrain,191112/NVI17/D08,False,
bmi,92887,0.0,7,HoloVTA_pretrain,191112/NVI17/D08,False,
holo,147,9.0,6,HoloVTA_pretrain,191112/NVI17/D08,False,
frames,3200,0.0,1,holostim_seq,191112/NVI17/D08,False,
reward,0,0.0,5,holostim_seq,191112/NVI17/D08,False,
bmi,3200,0.0,7,holostim_seq,191112/NVI17/D08,False,
holo,46,0.0,6,holostim_seq,191112/NVI17/D08,False,
frames,27000,0.0,1,baseline,191114/NVI22/D10,False,
reward,0,0.0,5,baseline,191114/NVI22/D10,False,
bmi,26528,-2.0,7,baseline,191114/NVI22/D10,False,
holo,0,0.0,6,baseline,191114/NVI22/D10,False,
frames,75600,0.0,1,BMI,191114/NVI22/D10,False,
reward,29,0.0,5,BMI,191114/NVI22/D10,False,
bmi,74526,0.0,7,BMI,191114/NVI22/D10,False,
holo,0,0.0,6,BMI,191114/NVI22/D10,False,
frames,76305,0.0,1,HoloVTA_pretrain,191114/NVI22/D10,False,
reward,107,0.0,5,HoloVTA_pretrain,191114/NVI22/D10,False,
bmi,75202,-1.0,7,HoloVTA_pretrain,191114/NVI22/D10,False,
holo,111,1.0,6,HoloVTA_pretrain,191114/NVI22/D10,False,
frames,4000,0.0,1,holostim_seq,191114/NVI22/D10,False,
reward,0,0.0,5,holostim_seq,191114/NVI22/D10,False,
bmi,3997,-1.0,7,holostim_seq,191114/NVI22/D10,False,
holo,60,0.0,6,holostim_seq,191114/NVI22/D10,False,
frames,27000,0.0,1,baseline,191114/NVI20/D10,False,
reward,0,0.0,5,baseline,191114/NVI20/D10,False,
bmi,25463,-1.0,7,baseline,191114/NVI20/D10,False,
holo,0,0.0,6,baseline,191114/NVI20/D10,False,
frames,75600,0.0,1,BMI,191114/NVI20/D10,False,
reward,12,0.0,5,BMI,191114/NVI20/D10,False,
bmi,74401,0.0,7,BMI,191114/NVI20/D10,False,
holo,0,0.0,6,BMI,191114/NVI20/D10,False,
frames,84835,0.0,1,HoloVTA_pretrain,191114/NVI20/D10,False,
reward,101,0.0,5,HoloVTA_pretrain,191114/NVI20/D10,False,
bmi,83091,-1.0,7,HoloVTA_pretrain,191114/NVI20/D10,False,
holo,129,1.0,6,HoloVTA_pretrain,191114/NVI20/D10,False,
frames,2812,0.0,1,holostim_seq,191114/NVI20/D10,False,
reward,0,0.0,5,holostim_seq,191114/NVI20/D10,False,
bmi,2811,-2.0,7,holostim_seq,191114/NVI20/D10,False,
holo,42,0.0,6,holostim_seq,191114/NVI20/D10,False,
frames,27000,0.0,1,baseline,191114/NVI17/D10,False,
reward,0,0.0,5,baseline,191114/NVI17/D10,False,
bmi,25587,-1.0,7,baseline,191114/NVI17/D10,False,
holo,0,0.0,6,baseline,191114/NVI17/D10,False,
frames,75600,0.0,1,BMI,191114/NVI17/D10,False,
reward,5,0.0,5,BMI,191114/NVI17/D10,False,
bmi,74453,-1.0,7,BMI,191114/NVI17/D10,False,
holo,0,0.0,6,BMI,191114/NVI17/D10,False,
frames,79881,0.0,1,HoloVTA_pretrain,191114/NVI17/D10,False,
reward,100,0.0,5,HoloVTA_pretrain,191114/NVI17/D10,False,
bmi,78051,-1.0,7,HoloVTA_pretrain,191114/NVI17/D10,False,
holo,111,1.0,6,HoloVTA_pretrain,191114/NVI17/D10,False,
frames,2600,0.0,1,holostim_seq,191114/NVI17/D10,False,
reward,0,0.0,5,holostim_seq,191114/NVI17/D10,False,
bmi,2599,-1.0,7,holostim_seq,191114/NVI17/D10,False,
holo,38,0.0,6,holostim_seq,191114/NVI17/D10,False,
frames,27000,0.0,1,baseline,191116/NVI22/D12,False,
reward,0,0.0,5,baseline,191116/NVI22/D12,False,
bmi,25670,-2.0,7,baseline,191116/NVI22/D12,False,
holo,0,0.0,6,baseline,191116/NVI22/D12,False,
frames,75600,0.0,1,BMI,191116/NVI22/D12,False,
reward,29,0.0,5,BMI,191116/NVI22/D12,False,
bmi,74388,0.0,7,BMI,191116/NVI22/D12,False,
holo,0,0.0,6,BMI,191116/NVI22/D12,False,
frames,76088,0.0,1,HoloVTA_pretrain,191116/NVI22/D12,False,
reward,105,0.0,5,HoloVTA_pretrain,191116/NVI22/D12,False,
bmi,74373,-1.0,7,HoloVTA_pretrain,191116/NVI22/D12,False,
holo,114,1.0,6,HoloVTA_pretrain,191116/NVI22/D12,False,
frames,3100,0.0,1,holostim_seq,191116/NVI22/D12,False,
reward,0,0.0,5,holostim_seq,191116/NVI22/D12,False,
bmi,3098,-1.0,7,holostim_seq,191116/NVI22/D12,False,
holo,46,0.0,6,holostim_seq,191116/NVI22/D12,False,
frames,27000,0.0,1,baseline,191116/NVI20/D12,False,
reward,0,0.0,5,baseline,191116/NVI20/D12,False,
bmi,26586,-2.0,7,baseline,191116/NVI20/D12,False,
holo,0,0.0,6,baseline,191116/NVI20/D12,False,
frames,75600,0.0,1,BMI,191116/NVI20/D12,False,
reward,42,0.0,5,BMI,191116/NVI20/D12,False,
bmi,72201,-1.0,7,BMI,191116/NVI20/D12,False,
holo,0,0.0,6,BMI,191116/NVI20/D12,False,
frames,98117,0.0,1,HoloVTA_pretrain,191116/NVI20/D12,False,
reward,100,0.0,5,HoloVTA_pretrain,191116/NVI20/D12,False,
bmi,96295,-1.0,7,HoloVTA_pretrain,191116/NVI20/D12,False,
holo,151,7.0,6,HoloVTA_pretrain,191116/NVI20/D12,False,
frames,2900,0.0,1,holostim_seq,191116/NVI20/D12,False,
reward,0,0.0,5,holostim_seq,191116/NVI20/D12,False,
bmi,2899,-1.0,7,holostim_seq,191116/NVI20/D12,False,
holo,44,0.0,6,holostim_seq,191116/NVI20/D12,False,
frames,27000,0.0,1,baseline,191116/NVI17/D12,False,
reward,0,0.0,5,baseline,191116/NVI17/D12,False,
bmi,26603,-2.0,7,baseline,191116/NVI17/D12,False,
holo,0,0.0,6,baseline,191116/NVI17/D12,False,
frames,75600,0.0,1,BMI,191116/NVI17/D12,False,
reward,6,0.0,5,BMI,191116/NVI17/D12,False,
bmi,72843,0.0,7,BMI,191116/NVI17/D12,False,
holo,0,0.0,6,BMI,191116/NVI17/D12,False,
frames,77583,0.0,1,HoloVTA_pretrain,191116/NVI17/D12,False,
reward,98,0.0,5,HoloVTA_pretrain,191116/NVI17/D12,False,
bmi,76411,-1.0,7,HoloVTA_pretrain,191116/NVI17/D12,False,
holo,117,1.0,6,HoloVTA_pretrain,191116/NVI17/D12,False,
frames,2900,0.0,1,holostim_seq,191116/NVI17/D12,False,
reward,0,0.0,5,holostim_seq,191116/NVI17/D12,False,
bmi,2899,0.0,7,holostim_seq,191116/NVI17/D12,False,
holo,44,0.0,6,holostim_seq,191116/NVI17/D12,False,
frames,27000,0.0,1,baseline,191118/NVI22/D14,False,
reward,0,0.0,5,baseline,191118/NVI22/D14,False,
bmi,26157,-1.0,7,baseline,191118/NVI22/D14,False,
holo,0,0.0,6,baseline,191118/NVI22/D14,False,
frames,75600,0.0,1,BMI,191118/NVI22/D14,False,
reward,20,0.0,5,BMI,191118/NVI22/D14,False,
bmi,74486,0.0,7,BMI,191118/NVI22/D14,False,
holo,0,0.0,6,BMI,191118/NVI22/D14,False,
frames,83349,0.0,1,HoloVTA_pretrain,191118/NVI22/D14,False,
reward,100,0.0,5,HoloVTA_pretrain,191118/NVI22/D14,False,
bmi,81707,-2.0,7,HoloVTA_pretrain,191118/NVI22/D14,False,
holo,123,1.0,6,HoloVTA_pretrain,191118/NVI22/D14,False,
frames,3400,0.0,1,holostim_seq,191118/NVI22/D14,False,
reward,0,0.0,5,holostim_seq,191118/NVI22/D14,False,
bmi,3399,-1.0,7,holostim_seq,191118/NVI22/D14,False,
holo,51,0.0,6,holostim_seq,191118/NVI22/D14,False,
frames,27000,0.0,1,baseline,191118/NVI20/D14,False,
reward,0,0.0,5,baseline,191118/NVI20/D14,False,
bmi,25958,-2.0,7,baseline,191118/NVI20/D14,False,
holo,0,0.0,6,baseline,191118/NVI20/D14,False,
frames,75600,0.0,1,BMI,191118/NVI20/D14,False,
reward,11,0.0,5,BMI,191118/NVI20/D14,False,
bmi,74633,0.0,7,BMI,191118/NVI20/D14,False,
holo,0,0.0,6,BMI,191118/NVI20/D14,False,
frames,80816,0.0,1,HoloVTA_pretrain,191118/NVI20/D14,False,
reward,100,0.0,5,HoloVTA_pretrain,191118/NVI20/D14,False,
bmi,79742,-1.0,7,HoloVTA_pretrain,191118/NVI20/D14,False,
holo,121,2.0,6,HoloVTA_pretrain,191118/NVI20/D14,False,
frames,4200,0.0,1,holostim_seq,191118/NVI20/D14,False,
reward,0,0.0,5,holostim_seq,191118/NVI20/D14,False,
bmi,4197,-1.0,7,holostim_seq,191118/NVI20/D14,False,
holo,64,0.0,6,holostim_seq,191118/NVI20/D14,False,
frames,27000,0.0,1,baseline,191120/NVI22/D16,False,
reward,0,0.0,5,baseline,191120/NVI22/D16,False,
bmi,26592,-2.0,7,baseline,191120/NVI22/D16,False,
holo,0,0.0,6,baseline,191120/NVI22/D16,False,
frames,75600,0.0,1,BMI,191120/NVI22/D16,False,
reward,11,0.0,5,BMI,191120/NVI22/D16,False,
bmi,74488,-1.0,7,BMI,191120/NVI22/D16,False,
holo,0,0.0,6,BMI,191120/NVI22/D16,False,
frames,83797,0.0,1,HoloVTA_pretrain,191120/NVI22/D16,False,
reward,100,0.0,5,HoloVTA_pretrain,191120/NVI22/D16,False,
bmi,82561,0.0,7,HoloVTA_pretrain,191120/NVI22/D16,False,
holo,122,1.0,6,HoloVTA_pretrain,191120/NVI22/D16,False,
frames,3800,0.0,1,holostim_seq,191120/NVI22/D16,False,
reward,0,0.0,5,holostim_seq,191120/NVI22/D16,False,
bmi,3799,-1.0,7,holostim_seq,191120/NVI22/D16,False,
holo,56,0.0,6,holostim_seq,191120/NVI22/D16,False,
frames,27000,0.0,1,baseline,191120/NVI20/D16,False,
reward,0,0.0,5,baseline,191120/NVI20/D16,False,
bmi,25498,-1.0,7,baseline,191120/NVI20/D16,False,
holo,0,0.0,6,baseline,191120/NVI20/D16,False,
frames,75600,0.0,1,BMI,191120/NVI20/D16,False,
reward,38,0.0,5,BMI,191120/NVI20/D16,False,
bmi,74596,0.0,7,BMI,191120/NVI20/D16,False,
holo,0,0.0,6,BMI,191120/NVI20/D16,False,
frames,75878,0.0,1,HoloVTA_pretrain,191120/NVI20/D16,False,
reward,100,0.0,5,HoloVTA_pretrain,191120/NVI20/D16,False,
bmi,74160,-1.0,7,HoloVTA_pretrain,191120/NVI20/D16,False,
holo,116,1.0,6,HoloVTA_pretrain,191120/NVI20/D16,False,
frames,3300,0.0,1,holostim_seq,191120/NVI20/D16,False,
reward,0,0.0,5,holostim_seq,191120/NVI20/D16,False,
bmi,3299,-1.0,7,holostim_seq,191120/NVI20/D16,False,
holo,50,0.0,6,holostim_seq,191120/NVI20/D16,False,
frames,27000,0.0,1,baseline,191120/NVI17/D16,False,
reward,0,0.0,5,baseline,191120/NVI17/D16,False,
bmi,25499,-1.0,7,baseline,191120/NVI17/D16,False,
holo,0,0.0,6,baseline,191120/NVI17/D16,False,
frames,75600,0.0,1,BMI,191120/NVI17/D16,False,
reward,3,0.0,5,BMI,191120/NVI17/D16,False,
bmi,73973,-2.0,7,BMI,191120/NVI17/D16,False,
holo,0,0.0,6,BMI,191120/NVI17/D16,False,
frames,76132,0.0,1,HoloVTA_pretrain,191120/NVI17/D16,False,
reward,102,0.0,5,HoloVTA_pretrain,191120/NVI17/D16,False,
bmi,72655,-1.0,7,HoloVTA_pretrain,191120/NVI17/D16,False,
holo,113,1.0,6,HoloVTA_pretrain,191120/NVI17/D16,False,
frames,3300,0.0,1,holostim_seq,191120/NVI17/D16,False,
reward,0,0.0,5,holostim_seq,191120/NVI17/D16,False,
bmi,3299,-1.0,7,holostim_seq,191120/NVI17/D16,False,
holo,49,0.0,6,holostim_seq,191120/NVI17/D16,False,
frames,27000,0.0,1,baseline,191122/NVI22/D18,False,
reward,0,0.0,5,baseline,191122/NVI22/D18,False,
bmi,26320,-2.0,7,baseline,191122/NVI22/D18,False,
holo,0,0.0,6,baseline,191122/NVI22/D18,False,
frames,75600,0.0,1,BMI,191122/NVI22/D18,False,
reward,27,0.0,5,BMI,191122/NVI22/D18,False,
bmi,74461,-1.0,7,BMI,191122/NVI22/D18,False,
holo,0,0.0,6,BMI,191122/NVI22/D18,False,
frames,76244,0.0,1,HoloVTA_pretrain,191122/NVI22/D18,False,
reward,101,0.0,5,HoloVTA_pretrain,191122/NVI22/D18,False,
bmi,75006,-1.0,7,HoloVTA_pretrain,191122/NVI22/D18,False,
holo,120,4.0,6,HoloVTA_pretrain,191122/NVI22/D18,False,
frames,4200,0.0,1,holostim_seq,191122/NVI22/D18,False,
reward,0,0.0,5,holostim_seq,191122/NVI22/D18,False,
bmi,4197,-1.0,7,holostim_seq,191122/NVI22/D18,False,
holo,64,0.0,6,holostim_seq,191122/NVI22/D18,False,
frames,27000,0.0,1,baseline,191122/NVI20/D18,False,
reward,0,0.0,5,baseline,191122/NVI20/D18,False,
bmi,25917,0.0,7,baseline,191122/NVI20/D18,False,
holo,0,0.0,6,baseline,191122/NVI20/D18,False,
frames,75600,0.0,1,VTA_pretrain,191122/NVI20/D18,False,
reward,0,0.0,0,VTA_pretrain,191122/NVI20/D18,False,
bmi,73118,-1.0,7,VTA_pretrain,191122/NVI20/D18,False,
holo,0,0.0,0,VTA_pretrain,191122/NVI20/D18,False,
frames,75600,0.0,1,BMI,191122/NVI20/D18,False,
reward,41,0.0,5,BMI,191122/NVI20/D18,False,
bmi,72645,-1.0,7,BMI,191122/NVI20/D18,False,
holo,0,0.0,6,BMI,191122/NVI20/D18,False,
frames,3100,0.0,1,holostim_seq,191122/NVI20/D18,False,
reward,0,0.0,5,holostim_seq,191122/NVI20/D18,False,
bmi,3099,-1.0,7,holostim_seq,191122/NVI20/D18,False,
holo,47,0.0,6,holostim_seq,191122/NVI20/D18,False,
frames,27000,0.0,1,baseline,191122/NVI17/D18,False,
reward,0,0.0,5,baseline,191122/NVI17/D18,False,
bmi,25836,-1.0,7,baseline,191122/NVI17/D18,False,
holo,0,0.0,6,baseline,191122/NVI17/D18,False,
frames,75600,0.0,1,BMI,191122/NVI17/D18,False,
reward,45,0.0,5,BMI,191122/NVI17/D18,False,
bmi,74296,-1.0,7,BMI,191122/NVI17/D18,False,
holo,0,0.0,6,BMI,191122/NVI17/D18,False,
frames,75738,0.0,1,HoloVTA_pretrain,191122/NVI17/D18,False,
reward,100,0.0,5,HoloVTA_pretrain,191122/NVI17/D18,False,
bmi,74099,-1.0,7,HoloVTA_pretrain,191122/NVI17/D18,False,
holo,110,1.0,6,HoloVTA_pretrain,191122/NVI17/D18,False,
frames,3400,0.0,1,holostim_seq,191122/NVI17/D18,False,
reward,0,0.0,5,holostim_seq,191122/NVI17/D18,False,
bmi,3399,-1.0,7,holostim_seq,191122/NVI17/D18,False,
holo,52,0.0,6,holostim_seq,191122/NVI17/D18,False,
