Variable,Peaks,Min_Diff,Sugg_Input,Voltage_File,Experiment,Limit_Size
frames,27000,0,1,baseline,190930_NVI12_D5,False
reward,0,0,5,baseline,190930_NVI12_D5,False
bmi,25370,-1,7,baseline,190930_NVI12_D5,False
holo,0,0,6,baseline,190930_NVI12_D5,False
frames,75600,0,1,BMI,190930_NVI12_D5,False
reward,18,0,5,BMI,190930_NVI12_D5,False
bmi,74073,-2,7,BMI,190930_NVI12_D5,False
holo,0,0,6,BMI,190930_NVI12_D5,False
frames,75600,0,1,HoloVTA_pretrain,190930_NVI12_D5,False
reward,82,0,5,HoloVTA_pretrain,190930_NVI12_D5,False
bmi,74148,-3,7,HoloVTA_pretrain,190930_NVI12_D5,False
holo,113,-7,6,HoloVTA_pretrain,190930_NVI12_D5,False
frames,2600,0,1,holostim_seq,190930_NVI12_D5,False
reward,0,0,5,holostim_seq,190930_NVI12_D5,False
bmi,2600,0,1,holostim_seq,190930_NVI12_D5,False
holo,38,0,6,holostim_seq,190930_NVI12_D5,False
frames,27000,0,1,baseline,190930_NVI13_D5,True
reward,0,0,5,baseline,190930_NVI13_D5,True
bmi,25792,-38,7,baseline,190930_NVI13_D5,True
holo,0,0,6,baseline,190930_NVI13_D5,True
frames,75600,0,1,BMI,190930_NVI13_D5,False
reward,69,0,5,BMI,190930_NVI13_D5,False
bmi,74183,-2,7,BMI,190930_NVI13_D5,False
holo,0,0,6,BMI,190930_NVI13_D5,False
frames,75600,0,1,HoloVTA_pretrain,190930_NVI13_D5,False
reward,103,0,5,HoloVTA_pretrain,190930_NVI13_D5,False
bmi,73044,-1,7,HoloVTA_pretrain,190930_NVI13_D5,False
holo,112,-8,6,HoloVTA_pretrain,190930_NVI13_D5,False
frames,2900,0,1,holostim_seq,190930_NVI13_D5,False
reward,0,0,5,holostim_seq,190930_NVI13_D5,False
bmi,2900,0,1,holostim_seq,190930_NVI13_D5,False
holo,44,0,6,holostim_seq,190930_NVI13_D5,False
frames,27000,0,1,baseline,190930_NVI16_D5,False
reward,0,0,5,baseline,190930_NVI16_D5,False
bmi,26441,-2,7,baseline,190930_NVI16_D5,False
holo,0,0,6,baseline,190930_NVI16_D5,False
frames,75600,0,1,BMI,190930_NVI16_D5,False
reward,19,0,5,BMI,190930_NVI16_D5,False
bmi,72704,-3,7,BMI,190930_NVI16_D5,False
holo,0,0,6,BMI,190930_NVI16_D5,False
frames,75600,0,1,HoloVTA_pretrain,190930_NVI16_D5,False
reward,77,0,5,HoloVTA_pretrain,190930_NVI16_D5,False
bmi,73310,-3,7,HoloVTA_pretrain,190930_NVI16_D5,False
holo,102,-18,6,HoloVTA_pretrain,190930_NVI16_D5,False
frames,2400,0,1,holostim_seq,190930_NVI16_D5,False
reward,0,0,5,holostim_seq,190930_NVI16_D5,False
bmi,2400,-1,1,holostim_seq,190930_NVI16_D5,False
holo,35,0,6,holostim_seq,190930_NVI16_D5,False
frames,27000,0,1,baseline,191001_NVI12_D6,False
reward,0,0,5,baseline,191001_NVI12_D6,False
bmi,26211,0,7,baseline,191001_NVI12_D6,False
holo,0,0,6,baseline,191001_NVI12_D6,False
frames,75600,0,1,BMI,191001_NVI12_D6,False
reward,35,0,5,BMI,191001_NVI12_D6,False
bmi,73326,-2,7,BMI,191001_NVI12_D6,False
holo,0,0,6,BMI,191001_NVI12_D6,False
frames,75600,0,1,HoloVTA_pretrain,191001_NVI12_D6,True
reward,96,0,5,HoloVTA_pretrain,191001_NVI12_D6,True
bmi,73259,-68,7,HoloVTA_pretrain,191001_NVI12_D6,True
holo,106,-14,6,HoloVTA_pretrain,191001_NVI12_D6,True
frames,3300,0,1,holostim_seq,191001_NVI12_D6,False
reward,0,0,5,holostim_seq,191001_NVI12_D6,False
bmi,3300,1,1,holostim_seq,191001_NVI12_D6,False
holo,50,0,6,holostim_seq,191001_NVI12_D6,False
frames,27000,0,1,baseline,191001_NVI13_D6,False
reward,0,0,5,baseline,191001_NVI13_D6,False
bmi,26229,-1,7,baseline,191001_NVI13_D6,False
holo,0,0,6,baseline,191001_NVI13_D6,False
frames,75600,0,1,BMI,191001_NVI13_D6,True
reward,19,-1,5,BMI,191001_NVI13_D6,True
bmi,75600,2314,1,BMI,191001_NVI13_D6,True
holo,0,0,6,BMI,191001_NVI13_D6,True
frames,75600,0,1,HoloVTA_pretrain,191001_NVI13_D6,False
reward,109,0,5,HoloVTA_pretrain,191001_NVI13_D6,False
bmi,73425,-3,7,HoloVTA_pretrain,191001_NVI13_D6,False
holo,111,-9,6,HoloVTA_pretrain,191001_NVI13_D6,False
frames,3000,0,1,holostim_seq,191001_NVI13_D6,False
reward,0,0,5,holostim_seq,191001_NVI13_D6,False
bmi,3000,0,1,holostim_seq,191001_NVI13_D6,False
holo,44,0,6,holostim_seq,191001_NVI13_D6,False
frames,27000,0,1,baseline,191003_NVI12_D8,True
reward,0,0,5,baseline,191003_NVI12_D8,True
bmi,25806,-12,7,baseline,191003_NVI12_D8,True
holo,0,0,6,baseline,191003_NVI12_D8,True
frames,75600,0,1,BMI,191003_NVI12_D8,True
reward,9,0,5,BMI,191003_NVI12_D8,True
bmi,75600,1895,1,BMI,191003_NVI12_D8,True
holo,0,0,6,BMI,191003_NVI12_D8,True
frames,76528,0,1,HoloVTA_pretrain,191003_NVI12_D8,False
reward,105,0,5,HoloVTA_pretrain,191003_NVI12_D8,False
bmi,74541,-3,7,HoloVTA_pretrain,191003_NVI12_D8,False
holo,110,-115,6,HoloVTA_pretrain,191003_NVI12_D8,False
frames,3000,0,1,holostim_seq,191003_NVI12_D8,False
reward,0,0,5,holostim_seq,191003_NVI12_D8,False
bmi,3000,-1,1,holostim_seq,191003_NVI12_D8,False
holo,45,0,6,holostim_seq,191003_NVI12_D8,False
frames,27000,0,1,baseline,191005_NVI12_D10,False
reward,0,0,5,baseline,191005_NVI12_D10,False
bmi,22631,-1,7,baseline,191005_NVI12_D10,False
holo,0,0,6,baseline,191005_NVI12_D10,False
frames,75600,0,1,BMI,191005_NVI12_D10,False
reward,29,0,5,BMI,191005_NVI12_D10,False
bmi,63593,-2,7,BMI,191005_NVI12_D10,False
holo,0,0,6,BMI,191005_NVI12_D10,False
frames,84461,0,1,HoloVTA_pretrain,191005_NVI12_D10,False
reward,101,0,5,HoloVTA_pretrain,191005_NVI12_D10,False
bmi,71017,-2,7,HoloVTA_pretrain,191005_NVI12_D10,False
holo,107,-118,6,HoloVTA_pretrain,191005_NVI12_D10,False
frames,6200,0,1,holostim_seq,191005_NVI12_D10,False
reward,0,0,5,holostim_seq,191005_NVI12_D10,False
bmi,6200,0,1,holostim_seq,191005_NVI12_D10,False
holo,95,0,6,holostim_seq,191005_NVI12_D10,False
frames,27000,0,1,baseline,191005_NVI13_D10,False
reward,0,0,5,baseline,191005_NVI13_D10,False
bmi,22606,-2,7,baseline,191005_NVI13_D10,False
holo,0,0,6,baseline,191005_NVI13_D10,False
frames,75600,0,1,BMI,191005_NVI13_D10,True
reward,25,0,5,BMI,191005_NVI13_D10,True
bmi,63116,-414,7,BMI,191005_NVI13_D10,True
holo,0,0,6,BMI,191005_NVI13_D10,True
frames,99822,0,1,HoloVTA_pretrain,191005_NVI13_D10,False
reward,111,0,5,HoloVTA_pretrain,191005_NVI13_D10,False
bmi,83881,-3,7,HoloVTA_pretrain,191005_NVI13_D10,False
holo,121,-104,6,HoloVTA_pretrain,191005_NVI13_D10,False
frames,3600,0,1,holostim_seq,191005_NVI13_D10,False
reward,0,0,5,holostim_seq,191005_NVI13_D10,False
bmi,3600,1,1,holostim_seq,191005_NVI13_D10,False
holo,54,0,6,holostim_seq,191005_NVI13_D10,False
frames,27000,0,1,baseline,191007_NVI13_D12,False
reward,0,0,5,baseline,191007_NVI13_D12,False
bmi,23377,-3,7,baseline,191007_NVI13_D12,False
holo,0,0,6,baseline,191007_NVI13_D12,False
frames,75600,0,1,BMI,191007_NVI13_D12,False
reward,6,0,5,BMI,191007_NVI13_D12,False
bmi,63735,-2,7,BMI,191007_NVI13_D12,False
holo,0,0,6,BMI,191007_NVI13_D12,False
frames,79290,0,1,HoloVTA_pretrain,191007_NVI13_D12,True
reward,100,0,5,HoloVTA_pretrain,191007_NVI13_D12,True
bmi,66576,-51,7,HoloVTA_pretrain,191007_NVI13_D12,True
holo,267,42,0,HoloVTA_pretrain,191007_NVI13_D12,True
frames,3200,0,1,holostim_seq,191007_NVI13_D12,False
reward,0,0,5,holostim_seq,191007_NVI13_D12,False
bmi,3200,-1,1,holostim_seq,191007_NVI13_D12,False
holo,44,0,6,holostim_seq,191007_NVI13_D12,False
frames,27000,0,1,baseline,191007_NVI16_D12,False
reward,0,0,5,baseline,191007_NVI16_D12,False
bmi,22673,-1,7,baseline,191007_NVI16_D12,False
holo,0,0,6,baseline,191007_NVI16_D12,False
frames,75600,0,1,BMI,191007_NVI16_D12,False
reward,15,0,5,BMI,191007_NVI16_D12,False
bmi,63700,-3,7,BMI,191007_NVI16_D12,False
holo,0,0,6,BMI,191007_NVI16_D12,False
frames,90074,0,1,HoloVTA_pretrain,191007_NVI16_D12,True
reward,100,0,5,HoloVTA_pretrain,191007_NVI16_D12,True
bmi,79081,-49,7,HoloVTA_pretrain,191007_NVI16_D12,True
holo,116,-109,6,HoloVTA_pretrain,191007_NVI16_D12,True
frames,3000,0,1,holostim_seq,191007_NVI16_D12,False
reward,0,0,5,holostim_seq,191007_NVI16_D12,False
bmi,3000,1,1,holostim_seq,191007_NVI16_D12,False
holo,44,0,6,holostim_seq,191007_NVI16_D12,False
frames,27000,0,1,baseline,191009_NVI13_D14,False
reward,0,0,5,baseline,191009_NVI13_D14,False
bmi,26339,-2,7,baseline,191009_NVI13_D14,False
holo,0,0,6,baseline,191009_NVI13_D14,False
frames,75600,0,1,BMI,191009_NVI13_D14,False
reward,22,0,5,BMI,191009_NVI13_D14,False
bmi,74373,-2,7,BMI,191009_NVI13_D14,False
holo,0,0,6,BMI,191009_NVI13_D14,False
frames,76247,0,1,HoloVTA_pretrain,191009_NVI13_D14,False
reward,101,0,5,HoloVTA_pretrain,191009_NVI13_D14,False
bmi,73713,-3,7,HoloVTA_pretrain,191009_NVI13_D14,False
holo,106,-119,6,HoloVTA_pretrain,191009_NVI13_D14,False
frames,3000,0,1,holostim_seq,191009_NVI13_D14,False
reward,0,0,5,holostim_seq,191009_NVI13_D14,False
bmi,3000,0,1,holostim_seq,191009_NVI13_D14,False
holo,45,0,6,holostim_seq,191009_NVI13_D14,False
frames,27000,0,1,baseline,191009_NVI16_D14,False
reward,0,0,5,baseline,191009_NVI16_D14,False
bmi,26595,-2,7,baseline,191009_NVI16_D14,False
holo,0,0,6,baseline,191009_NVI16_D14,False
frames,75600,0,1,BMI,191009_NVI16_D14,False
reward,13,0,5,BMI,191009_NVI16_D14,False
bmi,74461,-2,7,BMI,191009_NVI16_D14,False
holo,0,0,6,BMI,191009_NVI16_D14,False
frames,76629,0,1,HoloVTA_pretrain,191009_NVI16_D14,False
reward,101,0,5,HoloVTA_pretrain,191009_NVI16_D14,False
bmi,75621,-2,7,HoloVTA_pretrain,191009_NVI16_D14,False
holo,113,-112,6,HoloVTA_pretrain,191009_NVI16_D14,False
frames,2400,0,1,holostim_seq,191009_NVI16_D14,False
reward,0,0,5,holostim_seq,191009_NVI16_D14,False
bmi,2400,-1,1,holostim_seq,191009_NVI16_D14,False
holo,36,0,6,holostim_seq,191009_NVI16_D14,False
frames,27000,0,1,baseline,191011_NVI12_D16,False
reward,0,0,5,baseline,191011_NVI12_D16,False
bmi,26548,-2,7,baseline,191011_NVI12_D16,False
holo,0,0,6,baseline,191011_NVI12_D16,False
frames,75600,0,1,BMI,191011_NVI12_D16,False
reward,35,-4,5,BMI,191011_NVI12_D16,False
bmi,74522,-3,7,BMI,191011_NVI12_D16,False
holo,0,0,6,BMI,191011_NVI12_D16,False
frames,109678,0,1,HoloVTA_pretrain,191011_NVI12_D16,False
reward,72,0,5,HoloVTA_pretrain,191011_NVI12_D16,False
bmi,108001,0,7,HoloVTA_pretrain,191011_NVI12_D16,False
holo,136,-89,6,HoloVTA_pretrain,191011_NVI12_D16,False
frames,5300,0,1,holostim_seq,191011_NVI12_D16,False
reward,0,0,5,holostim_seq,191011_NVI12_D16,False
bmi,5296,-1,7,holostim_seq,191011_NVI12_D16,False
holo,81,0,6,holostim_seq,191011_NVI12_D16,False
frames,27000,0,1,baseline,191011_NVI13_D16,False
reward,0,0,5,baseline,191011_NVI13_D16,False
bmi,26633,-1,7,baseline,191011_NVI13_D16,False
holo,0,0,6,baseline,191011_NVI13_D16,False
frames,75600,0,1,BMI,191011_NVI13_D16,False
reward,10,0,5,BMI,191011_NVI13_D16,False
bmi,74643,-2,7,BMI,191011_NVI13_D16,False
holo,0,0,6,BMI,191011_NVI13_D16,False
frames,78257,0,1,HoloVTA_pretrain,191011_NVI13_D16,False
reward,100,0,5,HoloVTA_pretrain,191011_NVI13_D16,False
bmi,77324,-2,7,HoloVTA_pretrain,191011_NVI13_D16,False
holo,117,-108,6,HoloVTA_pretrain,191011_NVI13_D16,False
frames,3000,0,1,holostim_seq,191011_NVI13_D16,False
reward,0,0,5,holostim_seq,191011_NVI13_D16,False
bmi,3000,0,1,holostim_seq,191011_NVI13_D16,False
holo,45,0,6,holostim_seq,191011_NVI13_D16,False
frames,27000,0,1,baseline,191013_NVI12_D18,False
reward,0,0,5,baseline,191013_NVI12_D18,False
bmi,26584,-1,7,baseline,191013_NVI12_D18,False
holo,0,0,6,baseline,191013_NVI12_D18,False
frames,75600,0,1,BMI,191013_NVI12_D18,True
reward,22,0,5,BMI,191013_NVI12_D18,True
bmi,73838,-583,7,BMI,191013_NVI12_D18,True
holo,0,0,6,BMI,191013_NVI12_D18,True
frames,78885,0,1,HoloVTA_pretrain,191013_NVI12_D18,True
reward,103,0,5,HoloVTA_pretrain,191013_NVI12_D18,True
bmi,77813,-66,7,HoloVTA_pretrain,191013_NVI12_D18,True
holo,111,-114,6,HoloVTA_pretrain,191013_NVI12_D18,True
frames,4900,0,1,holostim_seq,191013_NVI12_D18,False
reward,0,0,5,holostim_seq,191013_NVI12_D18,False
bmi,4895,-2,7,holostim_seq,191013_NVI12_D18,False
holo,75,0,6,holostim_seq,191013_NVI12_D18,False
frames,27000,0,1,baseline,191013_NVI13_D18,False
reward,0,0,5,baseline,191013_NVI13_D18,False
bmi,26077,-3,7,baseline,191013_NVI13_D18,False
holo,0,0,6,baseline,191013_NVI13_D18,False
frames,75600,0,1,BMI,191013_NVI13_D18,False
reward,12,0,5,BMI,191013_NVI13_D18,False
bmi,74659,-1,7,BMI,191013_NVI13_D18,False
holo,0,0,6,BMI,191013_NVI13_D18,False
frames,75512,0,1,HoloVTA_pretrain,191013_NVI13_D18,False
reward,100,0,5,HoloVTA_pretrain,191013_NVI13_D18,False
bmi,74512,-2,7,HoloVTA_pretrain,191013_NVI13_D18,False
holo,114,-111,6,HoloVTA_pretrain,191013_NVI13_D18,False
frames,2600,0,1,holostim_seq,191013_NVI13_D18,False
reward,0,0,5,holostim_seq,191013_NVI13_D18,False
bmi,2600,-1,1,holostim_seq,191013_NVI13_D18,False
holo,39,0,6,holostim_seq,191013_NVI13_D18,False
frames,72000,0,1,baseline,191015_NVI13_D20,False
reward,0,0,5,baseline,191015_NVI13_D20,False
bmi,69890,-1,7,baseline,191015_NVI13_D20,False
holo,0,0,6,baseline,191015_NVI13_D20,False
frames,75600,0,1,BMI,191015_NVI13_D20,False
reward,30,0,5,BMI,191015_NVI13_D20,False
bmi,74369,-3,7,BMI,191015_NVI13_D20,False
holo,0,0,6,BMI,191015_NVI13_D20,False
frames,76495,0,1,HoloVTA_pretrain,191015_NVI13_D20,False
reward,102,0,5,HoloVTA_pretrain,191015_NVI13_D20,False
bmi,75382,-2,7,HoloVTA_pretrain,191015_NVI13_D20,False
holo,110,-115,6,HoloVTA_pretrain,191015_NVI13_D20,False
frames,2800,0,1,holostim_seq,191015_NVI13_D20,False
reward,0,0,5,holostim_seq,191015_NVI13_D20,False
bmi,2800,-1,1,holostim_seq,191015_NVI13_D20,False
holo,41,0,6,holostim_seq,191015_NVI13_D20,False
frames,72000,0,1,baseline,191015_NVI16_D20,False
reward,0,0,5,baseline,191015_NVI16_D20,False
bmi,70954,-2,7,baseline,191015_NVI16_D20,False
holo,0,0,6,baseline,191015_NVI16_D20,False
frames,75600,0,1,BMI,191015_NVI16_D20,False
reward,7,0,5,BMI,191015_NVI16_D20,False
bmi,73373,-3,7,BMI,191015_NVI16_D20,False
holo,0,0,6,BMI,191015_NVI16_D20,False
frames,76299,0,1,HoloVTA_pretrain,191015_NVI16_D20,False
reward,104,0,5,HoloVTA_pretrain,191015_NVI16_D20,False
bmi,75286,-3,7,HoloVTA_pretrain,191015_NVI16_D20,False
holo,108,-117,6,HoloVTA_pretrain,191015_NVI16_D20,False
frames,3800,0,1,holostim_seq,191015_NVI16_D20,False
reward,0,0,5,holostim_seq,191015_NVI16_D20,False
bmi,3800,1,1,holostim_seq,191015_NVI16_D20,False
holo,58,0,6,holostim_seq,191015_NVI16_D20,False
frames,72000,0,1,baseline,191017_NVI12_D22,False
reward,0,0,5,baseline,191017_NVI12_D22,False
bmi,70724,-2,7,baseline,191017_NVI12_D22,False
holo,0,0,6,baseline,191017_NVI12_D22,False
frames,75600,0,1,BMI,191017_NVI12_D22,False
reward,6,0,5,BMI,191017_NVI12_D22,False
bmi,74526,-2,7,BMI,191017_NVI12_D22,False
holo,0,0,6,BMI,191017_NVI12_D22,False
frames,80244,0,1,HoloVTA_pretrain,191017_NVI12_D22,False
reward,100,0,5,HoloVTA_pretrain,191017_NVI12_D22,False
bmi,78358,-3,7,HoloVTA_pretrain,191017_NVI12_D22,False
holo,114,-111,6,HoloVTA_pretrain,191017_NVI12_D22,False
frames,3500,0,1,holostim_seq,191017_NVI12_D22,False
reward,0,0,5,holostim_seq,191017_NVI12_D22,False
bmi,3500,0,1,holostim_seq,191017_NVI12_D22,False
holo,53,0,6,holostim_seq,191017_NVI12_D22,False
frames,72000,0,1,baseline,191017_NVI13_D22,False
reward,0,0,5,baseline,191017_NVI13_D22,False
bmi,69404,-2,7,baseline,191017_NVI13_D22,False
holo,0,0,6,baseline,191017_NVI13_D22,False
frames,75600,0,1,BMI,191017_NVI13_D22,False
reward,8,0,5,BMI,191017_NVI13_D22,False
bmi,73324,-3,7,BMI,191017_NVI13_D22,False
holo,0,0,6,BMI,191017_NVI13_D22,False
frames,77632,0,1,HoloVTA_pretrain,191017_NVI13_D22,False
reward,100,0,5,HoloVTA_pretrain,191017_NVI13_D22,False
bmi,76493,-3,7,HoloVTA_pretrain,191017_NVI13_D22,False
holo,116,-109,6,HoloVTA_pretrain,191017_NVI13_D22,False
frames,2400,0,1,holostim_seq,191017_NVI13_D22,False
reward,0,0,5,holostim_seq,191017_NVI13_D22,False
bmi,2400,-1,1,holostim_seq,191017_NVI13_D22,False
holo,35,0,6,holostim_seq,191017_NVI13_D22,False
frames,72000,0,1,baseline,191017_NVI16_D22,False
reward,0,0,5,baseline,191017_NVI16_D22,False
bmi,70113,-1,7,baseline,191017_NVI16_D22,False
holo,0,0,6,baseline,191017_NVI16_D22,False
frames,75600,0,1,BMI,191017_NVI16_D22,False
reward,14,0,5,BMI,191017_NVI16_D22,False
bmi,74230,-3,7,BMI,191017_NVI16_D22,False
holo,0,0,6,BMI,191017_NVI16_D22,False
frames,89521,0,1,HoloVTA_pretrain,191017_NVI16_D22,False
reward,104,0,5,HoloVTA_pretrain,191017_NVI16_D22,False
bmi,87167,-3,7,HoloVTA_pretrain,191017_NVI16_D22,False
holo,132,-93,0,HoloVTA_pretrain,191017_NVI16_D22,False
frames,2100,0,1,holostim_seq,191017_NVI16_D22,False
reward,0,0,5,holostim_seq,191017_NVI16_D22,False
bmi,2100,-1,1,holostim_seq,191017_NVI16_D22,False
holo,31,0,6,holostim_seq,191017_NVI16_D22,False
frames,27000,0,1,baseline,191025_NVI13_D25,False
reward,0,0,5,baseline,191025_NVI13_D25,False
bmi,25902,-2,7,baseline,191025_NVI13_D25,False
holo,0,0,6,baseline,191025_NVI13_D25,False
frames,75600,0,1,BMI,191025_NVI13_D25,False
reward,9,0,5,BMI,191025_NVI13_D25,False
bmi,74120,-3,7,BMI,191025_NVI13_D25,False
holo,0,0,6,BMI,191025_NVI13_D25,False
frames,75620,0,1,HoloVTA_pretrain,191025_NVI13_D25,True
reward,101,0,5,HoloVTA_pretrain,191025_NVI13_D25,True
bmi,72388,-737,7,HoloVTA_pretrain,191025_NVI13_D25,True
holo,110,-115,6,HoloVTA_pretrain,191025_NVI13_D25,True
frames,1600,0,1,holostim_seq,191025_NVI13_D25,False
reward,0,0,5,holostim_seq,191025_NVI13_D25,False
bmi,1600,-1,1,holostim_seq,191025_NVI13_D25,False
holo,23,0,6,holostim_seq,191025_NVI13_D25,False
frames,27000,0,1,baseline,191031_NVI12_D31,False
reward,0,0,5,baseline,191031_NVI12_D31,False
bmi,26530,-2,7,baseline,191031_NVI12_D31,False
holo,0,0,6,baseline,191031_NVI12_D31,False
frames,75600,0,1,BMI,191031_NVI12_D31,False
reward,33,-5,5,BMI,191031_NVI12_D31,False
bmi,74333,-3,7,BMI,191031_NVI12_D31,False
holo,0,0,6,BMI,191031_NVI12_D31,False
frames,85547,0,1,HoloVTA_pretrain,191031_NVI12_D31,False
reward,100,0,5,HoloVTA_pretrain,191031_NVI12_D31,False
bmi,84224,-2,7,HoloVTA_pretrain,191031_NVI12_D31,False
holo,117,-3,6,HoloVTA_pretrain,191031_NVI12_D31,False
frames,2700,0,1,holostim_seq,191031_NVI12_D31,False
reward,0,0,5,holostim_seq,191031_NVI12_D31,False
bmi,2700,-1,1,holostim_seq,191031_NVI12_D31,False
holo,40,0,6,holostim_seq,191031_NVI12_D31,False
frames,27000,0,1,baseline,191031_NVI13_D31,False
reward,0,0,5,baseline,191031_NVI13_D31,False
bmi,26545,-1,7,baseline,191031_NVI13_D31,False
holo,0,0,6,baseline,191031_NVI13_D31,False
frames,75600,0,1,BMI,191031_NVI13_D31,False
reward,23,0,5,BMI,191031_NVI13_D31,False
bmi,74444,-2,7,BMI,191031_NVI13_D31,False
holo,0,0,6,BMI,191031_NVI13_D31,False
frames,77184,0,1,HoloVTA_pretrain,191031_NVI13_D31,False
reward,100,0,5,HoloVTA_pretrain,191031_NVI13_D31,False
bmi,74979,-1,7,HoloVTA_pretrain,191031_NVI13_D31,False
holo,115,-5,6,HoloVTA_pretrain,191031_NVI13_D31,False
frames,2493,0,1,holostim_seq,191031_NVI13_D31,False
reward,0,0,5,holostim_seq,191031_NVI13_D31,False
bmi,2493,-2,1,holostim_seq,191031_NVI13_D31,False
holo,37,0,6,holostim_seq,191031_NVI13_D31,False
frames,27000,0,1,baseline,191102_NVI12_D33,False
reward,0,0,5,baseline,191102_NVI12_D33,False
bmi,25919,-2,7,baseline,191102_NVI12_D33,False
holo,0,0,6,baseline,191102_NVI12_D33,False
frames,75600,0,1,BMI,191102_NVI12_D33,False
reward,13,0,5,BMI,191102_NVI12_D33,False
bmi,74332,-2,7,BMI,191102_NVI12_D33,False
holo,0,0,6,BMI,191102_NVI12_D33,False
frames,85049,0,1,HoloVTA_pretrain,191102_NVI12_D33,False
reward,88,0,5,HoloVTA_pretrain,191102_NVI12_D33,False
bmi,83772,-2,7,HoloVTA_pretrain,191102_NVI12_D33,False
holo,121,1,6,HoloVTA_pretrain,191102_NVI12_D33,False
frames,2400,0,1,holostim_seq,191102_NVI12_D33,False
reward,0,0,5,holostim_seq,191102_NVI12_D33,False
bmi,2400,-1,1,holostim_seq,191102_NVI12_D33,False
holo,36,0,6,holostim_seq,191102_NVI12_D33,False
frames,27000,0,1,baseline,191102_NVI13_D33,False
reward,0,0,5,baseline,191102_NVI13_D33,False
bmi,25715,-1,7,baseline,191102_NVI13_D33,False
holo,0,0,6,baseline,191102_NVI13_D33,False
frames,75600,0,1,BMI,191102_NVI13_D33,False
reward,7,0,5,BMI,191102_NVI13_D33,False
bmi,73987,-2,7,BMI,191102_NVI13_D33,False
holo,0,0,6,BMI,191102_NVI13_D33,False
frames,75634,0,1,HoloVTA_pretrain,191102_NVI13_D33,False
reward,104,0,5,HoloVTA_pretrain,191102_NVI13_D33,False
bmi,73782,-3,7,HoloVTA_pretrain,191102_NVI13_D33,False
holo,108,-102,6,HoloVTA_pretrain,191102_NVI13_D33,False
frames,2800,0,1,holostim_seq,191102_NVI13_D33,False
reward,0,0,5,holostim_seq,191102_NVI13_D33,False
bmi,2800,1,1,holostim_seq,191102_NVI13_D33,False
holo,42,0,6,holostim_seq,191102_NVI13_D33,False
frames,27000,0,1,baseline,191102_NVI16_D33,False
reward,0,0,5,baseline,191102_NVI16_D33,False
bmi,26498,-2,7,baseline,191102_NVI16_D33,False
holo,0,0,6,baseline,191102_NVI16_D33,False
frames,75600,0,1,BMI,191102_NVI16_D33,False
reward,26,0,5,BMI,191102_NVI16_D33,False
bmi,74467,-3,7,BMI,191102_NVI16_D33,False
holo,0,0,6,BMI,191102_NVI16_D33,False
frames,76196,0,1,HoloVTA_pretrain,191102_NVI16_D33,False
reward,107,0,5,HoloVTA_pretrain,191102_NVI16_D33,False
bmi,73428,-1,7,HoloVTA_pretrain,191102_NVI16_D33,False
holo,118,-92,6,HoloVTA_pretrain,191102_NVI16_D33,False
frames,3000,0,1,holostim_seq,191102_NVI16_D33,False
reward,0,0,5,holostim_seq,191102_NVI16_D33,False
bmi,3000,0,1,holostim_seq,191102_NVI16_D33,False
holo,44,0,6,holostim_seq,191102_NVI16_D33,False
frames,27000,0,1,baseline,191104_NVI12_D35,False
reward,0,0,5,baseline,191104_NVI12_D35,False
bmi,26507,-2,7,baseline,191104_NVI12_D35,False
holo,0,0,6,baseline,191104_NVI12_D35,False
frames,75600,0,1,BMI,191104_NVI12_D35,False
reward,7,0,5,BMI,191104_NVI12_D35,False
bmi,74277,-3,7,BMI,191104_NVI12_D35,False
holo,0,0,6,BMI,191104_NVI12_D35,False
frames,86797,0,1,HoloVTA_pretrain,191104_NVI12_D35,False
reward,100,0,5,HoloVTA_pretrain,191104_NVI12_D35,False
bmi,85512,-2,7,HoloVTA_pretrain,191104_NVI12_D35,False
holo,120,-90,6,HoloVTA_pretrain,191104_NVI12_D35,False
frames,1900,0,1,holostim_seq,191104_NVI12_D35,False
reward,0,0,5,holostim_seq,191104_NVI12_D35,False
bmi,1900,-1,1,holostim_seq,191104_NVI12_D35,False
holo,28,0,6,holostim_seq,191104_NVI12_D35,False
frames,27000,0,1,baseline,191104_NVI16_D35,False
reward,0,0,5,baseline,191104_NVI16_D35,False
bmi,26321,-3,7,baseline,191104_NVI16_D35,False
holo,0,0,6,baseline,191104_NVI16_D35,False
frames,75600,0,1,BMI,191104_NVI16_D35,False
reward,5,0,5,BMI,191104_NVI16_D35,False
bmi,74190,-2,7,BMI,191104_NVI16_D35,False
holo,0,0,6,BMI,191104_NVI16_D35,False
frames,88835,0,1,HoloVTA_pretrain,191104_NVI16_D35,False
reward,117,0,5,HoloVTA_pretrain,191104_NVI16_D35,False
bmi,87543,-2,7,HoloVTA_pretrain,191104_NVI16_D35,False
holo,128,-82,6,HoloVTA_pretrain,191104_NVI16_D35,False
frames,2100,0,1,holostim_seq,191104_NVI16_D35,False
reward,0,0,5,holostim_seq,191104_NVI16_D35,False
bmi,2100,0,1,holostim_seq,191104_NVI16_D35,False
holo,30,0,6,holostim_seq,191104_NVI16_D35,False
frames,27000,0,1,baseline,191108_NVI22_D04,False
reward,0,0,5,baseline,191108_NVI22_D04,False
bmi,26586,-2,7,baseline,191108_NVI22_D04,False
holo,0,0,6,baseline,191108_NVI22_D04,False
frames,75600,0,1,BMI,191108_NVI22_D04,False
reward,10,0,5,BMI,191108_NVI22_D04,False
bmi,74058,-2,7,BMI,191108_NVI22_D04,False
holo,0,0,6,BMI,191108_NVI22_D04,False
frames,81943,0,1,HoloVTA_pretrain,191108_NVI22_D04,False
reward,103,0,5,HoloVTA_pretrain,191108_NVI22_D04,False
bmi,80663,-2,7,HoloVTA_pretrain,191108_NVI22_D04,False
holo,124,-86,6,HoloVTA_pretrain,191108_NVI22_D04,False
frames,4300,0,1,holostim_seq,191108_NVI22_D04,False
reward,0,0,5,holostim_seq,191108_NVI22_D04,False
bmi,4300,0,1,holostim_seq,191108_NVI22_D04,False
holo,65,0,6,holostim_seq,191108_NVI22_D04,False
frames,27000,0,1,baseline,191108_NVI21_D04,False
reward,0,0,5,baseline,191108_NVI21_D04,False
bmi,26554,0,7,baseline,191108_NVI21_D04,False
holo,0,0,6,baseline,191108_NVI21_D04,False
frames,75600,0,1,BMI,191108_NVI21_D04,False
reward,35,0,5,BMI,191108_NVI21_D04,False
bmi,74594,-2,7,BMI,191108_NVI21_D04,False
holo,0,0,6,BMI,191108_NVI21_D04,False
frames,75611,0,1,HoloVTA_pretrain,191108_NVI21_D04,False
reward,105,0,5,HoloVTA_pretrain,191108_NVI21_D04,False
bmi,73205,-2,7,HoloVTA_pretrain,191108_NVI21_D04,False
holo,114,-96,6,HoloVTA_pretrain,191108_NVI21_D04,False
frames,3700,0,1,holostim_seq,191108_NVI21_D04,False
reward,0,0,5,holostim_seq,191108_NVI21_D04,False
bmi,3700,-1,1,holostim_seq,191108_NVI21_D04,False
holo,56,0,6,holostim_seq,191108_NVI21_D04,False
frames,27000,0,1,baseline,191108_NVI20_D04,False
reward,0,0,5,baseline,191108_NVI20_D04,False
bmi,25821,-1,7,baseline,191108_NVI20_D04,False
holo,0,0,6,baseline,191108_NVI20_D04,False
frames,75600,0,1,BMI,191108_NVI20_D04,False
reward,28,0,5,BMI,191108_NVI20_D04,False
bmi,72485,-2,7,BMI,191108_NVI20_D04,False
holo,0,0,6,BMI,191108_NVI20_D04,False
frames,100016,0,1,HoloVTA_pretrain,191108_NVI20_D04,False
reward,94,0,5,HoloVTA_pretrain,191108_NVI20_D04,False
bmi,98000,-3,7,HoloVTA_pretrain,191108_NVI20_D04,False
holo,145,-65,6,HoloVTA_pretrain,191108_NVI20_D04,False
frames,3500,0,1,holostim_seq,191108_NVI20_D04,False
reward,0,0,5,holostim_seq,191108_NVI20_D04,False
bmi,3500,0,1,holostim_seq,191108_NVI20_D04,False
holo,53,0,6,holostim_seq,191108_NVI20_D04,False
frames,27000,0,1,baseline,191108_NVI17_D04,False
reward,0,0,5,baseline,191108_NVI17_D04,False
bmi,25926,-1,7,baseline,191108_NVI17_D04,False
holo,0,0,6,baseline,191108_NVI17_D04,False
frames,75600,0,1,BMI,191108_NVI17_D04,False
reward,8,0,5,BMI,191108_NVI17_D04,False
bmi,73309,-2,7,BMI,191108_NVI17_D04,False
holo,0,0,6,BMI,191108_NVI17_D04,False
frames,83715,0,1,HoloVTA_pretrain,191108_NVI17_D04,False
reward,119,0,5,HoloVTA_pretrain,191108_NVI17_D04,False
bmi,81068,-3,7,HoloVTA_pretrain,191108_NVI17_D04,False
holo,126,-84,6,HoloVTA_pretrain,191108_NVI17_D04,False
frames,2300,0,1,holostim_seq,191108_NVI17_D04,False
reward,0,0,5,holostim_seq,191108_NVI17_D04,False
bmi,2300,0,1,holostim_seq,191108_NVI17_D04,False
holo,34,0,6,holostim_seq,191108_NVI17_D04,False
frames,27000,0,1,baseline,191110_NVI22_D06,False
reward,0,0,5,baseline,191110_NVI22_D06,False
bmi,25872,-1,7,baseline,191110_NVI22_D06,False
holo,0,0,6,baseline,191110_NVI22_D06,False
frames,75600,0,1,BMI,191110_NVI22_D06,False
reward,38,0,5,BMI,191110_NVI22_D06,False
bmi,74313,-2,7,BMI,191110_NVI22_D06,False
holo,0,0,6,BMI,191110_NVI22_D06,False
frames,76945,0,1,HoloVTA_pretrain,191110_NVI22_D06,False
reward,109,0,5,HoloVTA_pretrain,191110_NVI22_D06,False
bmi,75409,-3,7,HoloVTA_pretrain,191110_NVI22_D06,False
holo,116,-94,6,HoloVTA_pretrain,191110_NVI22_D06,False
frames,7100,0,1,holostim_seq,191110_NVI22_D06,True
reward,0,0,5,holostim_seq,191110_NVI22_D06,True
bmi,7091,-4,7,holostim_seq,191110_NVI22_D06,True
holo,110,0,6,holostim_seq,191110_NVI22_D06,True
frames,27000,0,1,baseline,191110_NVI21_D06,False
reward,0,0,5,baseline,191110_NVI21_D06,False
bmi,25548,-2,7,baseline,191110_NVI21_D06,False
holo,0,0,6,baseline,191110_NVI21_D06,False
frames,75600,0,1,BMI,191110_NVI21_D06,False
reward,4,0,5,BMI,191110_NVI21_D06,False
bmi,74478,-3,7,BMI,191110_NVI21_D06,False
holo,0,0,6,BMI,191110_NVI21_D06,False
frames,99369,0,1,HoloVTA_pretrain,191110_NVI21_D06,False
reward,100,0,5,HoloVTA_pretrain,191110_NVI21_D06,False
bmi,97701,-3,7,HoloVTA_pretrain,191110_NVI21_D06,False
holo,149,-61,6,HoloVTA_pretrain,191110_NVI21_D06,False
frames,2405,0,1,holostim_seq,191110_NVI21_D06,False
reward,0,0,5,holostim_seq,191110_NVI21_D06,False
bmi,2405,-2,1,holostim_seq,191110_NVI21_D06,False
holo,35,0,6,holostim_seq,191110_NVI21_D06,False
frames,27000,0,1,baseline,191110_NVI20_D06,False
reward,0,0,5,baseline,191110_NVI20_D06,False
bmi,25675,-2,7,baseline,191110_NVI20_D06,False
holo,0,0,6,baseline,191110_NVI20_D06,False
frames,75600,0,1,BMI,191110_NVI20_D06,False
reward,26,-2,5,BMI,191110_NVI20_D06,False
bmi,74352,-2,7,BMI,191110_NVI20_D06,False
holo,0,0,6,BMI,191110_NVI20_D06,False
frames,75681,0,1,HoloVTA_pretrain,191110_NVI20_D06,False
reward,107,0,5,HoloVTA_pretrain,191110_NVI20_D06,False
bmi,73699,-1,7,HoloVTA_pretrain,191110_NVI20_D06,False
holo,112,-98,6,HoloVTA_pretrain,191110_NVI20_D06,False
frames,3300,0,1,holostim_seq,191110_NVI20_D06,False
reward,0,0,5,holostim_seq,191110_NVI20_D06,False
bmi,3300,0,1,holostim_seq,191110_NVI20_D06,False
holo,49,0,6,holostim_seq,191110_NVI20_D06,False
frames,27000,0,1,baseline,191110_NVI17_D06,False
reward,0,0,5,baseline,191110_NVI17_D06,False
bmi,25050,-2,7,baseline,191110_NVI17_D06,False
holo,0,0,6,baseline,191110_NVI17_D06,False
frames,75600,0,1,BMI,191110_NVI17_D06,False
reward,34,-2,5,BMI,191110_NVI17_D06,False
bmi,74041,-3,7,BMI,191110_NVI17_D06,False
holo,0,0,6,BMI,191110_NVI17_D06,False
frames,100012,0,1,HoloVTA_pretrain,191110_NVI17_D06,True
reward,66,0,5,HoloVTA_pretrain,191110_NVI17_D06,True
bmi,97176,-670,7,HoloVTA_pretrain,191110_NVI17_D06,True
holo,141,-69,6,HoloVTA_pretrain,191110_NVI17_D06,True
frames,2400,0,1,holostim_seq,191110_NVI17_D06,False
reward,0,0,5,holostim_seq,191110_NVI17_D06,False
bmi,2400,-1,1,holostim_seq,191110_NVI17_D06,False
holo,36,0,6,holostim_seq,191110_NVI17_D06,False
frames,27000,0,1,baseline,191112_NVI22_D08,False
reward,0,0,5,baseline,191112_NVI22_D08,False
bmi,25603,-2,7,baseline,191112_NVI22_D08,False
holo,0,0,6,baseline,191112_NVI22_D08,False
frames,75600,0,1,BMI,191112_NVI22_D08,False
reward,14,0,5,BMI,191112_NVI22_D08,False
bmi,74507,-3,7,BMI,191112_NVI22_D08,False
holo,0,0,6,BMI,191112_NVI22_D08,False
frames,95711,0,1,HoloVTA_pretrain,191112_NVI22_D08,False
reward,48,0,5,HoloVTA_pretrain,191112_NVI22_D08,False
bmi,93260,-3,7,HoloVTA_pretrain,191112_NVI22_D08,False
holo,139,-71,6,HoloVTA_pretrain,191112_NVI22_D08,False
frames,2800,0,1,holostim_seq,191112_NVI22_D08,False
reward,0,0,5,holostim_seq,191112_NVI22_D08,False
bmi,2800,-1,1,holostim_seq,191112_NVI22_D08,False
holo,42,0,6,holostim_seq,191112_NVI22_D08,False
frames,27000,0,1,baseline,191112_NVI21_D08,False
reward,0,0,5,baseline,191112_NVI21_D08,False
bmi,26542,-1,7,baseline,191112_NVI21_D08,False
holo,0,0,6,baseline,191112_NVI21_D08,False
frames,75600,0,1,BMI,191112_NVI21_D08,False
reward,21,0,5,BMI,191112_NVI21_D08,False
bmi,74648,-2,7,BMI,191112_NVI21_D08,False
holo,0,0,6,BMI,191112_NVI21_D08,False
frames,81314,0,1,HoloVTA_pretrain,191112_NVI21_D08,False
reward,104,0,5,HoloVTA_pretrain,191112_NVI21_D08,False
bmi,80230,-3,7,HoloVTA_pretrain,191112_NVI21_D08,False
holo,121,-89,6,HoloVTA_pretrain,191112_NVI21_D08,False
frames,2200,0,1,holostim_seq,191112_NVI21_D08,False
reward,0,0,5,holostim_seq,191112_NVI21_D08,False
bmi,2200,-1,1,holostim_seq,191112_NVI21_D08,False
holo,32,0,6,holostim_seq,191112_NVI21_D08,False
frames,27000,0,1,baseline,191112_NVI20_D08,False
reward,0,0,5,baseline,191112_NVI20_D08,False
bmi,25654,-2,7,baseline,191112_NVI20_D08,False
holo,0,0,6,baseline,191112_NVI20_D08,False
frames,75600,0,1,BMI,191112_NVI20_D08,False
reward,38,0,5,BMI,191112_NVI20_D08,False
bmi,72319,-3,7,BMI,191112_NVI20_D08,False
holo,0,0,6,BMI,191112_NVI20_D08,False
frames,81482,0,1,HoloVTA_pretrain,191112_NVI20_D08,False
reward,116,0,5,HoloVTA_pretrain,191112_NVI20_D08,False
bmi,79395,-3,7,HoloVTA_pretrain,191112_NVI20_D08,False
holo,124,-86,6,HoloVTA_pretrain,191112_NVI20_D08,False
frames,2300,0,1,holostim_seq,191112_NVI20_D08,False
reward,0,0,5,holostim_seq,191112_NVI20_D08,False
bmi,2300,-1,1,holostim_seq,191112_NVI20_D08,False
holo,34,0,6,holostim_seq,191112_NVI20_D08,False
frames,27000,0,1,baseline,191112_NVI17_D08,False
reward,0,0,5,baseline,191112_NVI17_D08,False
bmi,24963,0,7,baseline,191112_NVI17_D08,False
holo,0,0,6,baseline,191112_NVI17_D08,False
frames,75600,0,1,BMI,191112_NVI17_D08,False
reward,22,0,5,BMI,191112_NVI17_D08,False
bmi,71908,-3,7,BMI,191112_NVI17_D08,False
holo,0,0,6,BMI,191112_NVI17_D08,False
frames,95776,0,1,HoloVTA_pretrain,191112_NVI17_D08,False
reward,96,0,5,HoloVTA_pretrain,191112_NVI17_D08,False
bmi,92887,-2,7,HoloVTA_pretrain,191112_NVI17_D08,False
holo,139,-71,6,HoloVTA_pretrain,191112_NVI17_D08,False
frames,3200,0,1,holostim_seq,191112_NVI17_D08,False
reward,0,0,5,holostim_seq,191112_NVI17_D08,False
bmi,3200,0,1,holostim_seq,191112_NVI17_D08,False
holo,46,0,6,holostim_seq,191112_NVI17_D08,False
frames,27000,0,1,baseline,191114_NVI22_D10,False
reward,0,0,5,baseline,191114_NVI22_D10,False
bmi,26528,-2,7,baseline,191114_NVI22_D10,False
holo,0,0,6,baseline,191114_NVI22_D10,False
frames,75600,0,1,BMI,191114_NVI22_D10,False
reward,29,0,5,BMI,191114_NVI22_D10,False
bmi,74526,-2,7,BMI,191114_NVI22_D10,False
holo,0,0,6,BMI,191114_NVI22_D10,False
frames,76305,0,1,HoloVTA_pretrain,191114_NVI22_D10,False
reward,107,0,5,HoloVTA_pretrain,191114_NVI22_D10,False
bmi,75202,-3,7,HoloVTA_pretrain,191114_NVI22_D10,False
holo,111,-99,6,HoloVTA_pretrain,191114_NVI22_D10,False
frames,4000,0,1,holostim_seq,191114_NVI22_D10,False
reward,0,0,5,holostim_seq,191114_NVI22_D10,False
bmi,3997,-1,7,holostim_seq,191114_NVI22_D10,False
holo,60,0,6,holostim_seq,191114_NVI22_D10,False
frames,27000,0,1,baseline,191114_NVI20_D10,False
reward,0,0,5,baseline,191114_NVI20_D10,False
bmi,25463,-1,7,baseline,191114_NVI20_D10,False
holo,0,0,6,baseline,191114_NVI20_D10,False
frames,75600,0,1,BMI,191114_NVI20_D10,False
reward,12,0,5,BMI,191114_NVI20_D10,False
bmi,74401,-2,7,BMI,191114_NVI20_D10,False
holo,0,0,6,BMI,191114_NVI20_D10,False
frames,84835,0,1,HoloVTA_pretrain,191114_NVI20_D10,False
reward,101,0,5,HoloVTA_pretrain,191114_NVI20_D10,False
bmi,83091,-3,7,HoloVTA_pretrain,191114_NVI20_D10,False
holo,129,-81,6,HoloVTA_pretrain,191114_NVI20_D10,False
frames,2812,0,1,holostim_seq,191114_NVI20_D10,False
reward,0,0,5,holostim_seq,191114_NVI20_D10,False
bmi,2812,-1,1,holostim_seq,191114_NVI20_D10,False
holo,42,0,6,holostim_seq,191114_NVI20_D10,False
frames,27000,0,1,baseline,191114_NVI17_D10,False
reward,0,0,5,baseline,191114_NVI17_D10,False
bmi,25587,-1,7,baseline,191114_NVI17_D10,False
holo,0,0,6,baseline,191114_NVI17_D10,False
frames,75600,0,1,BMI,191114_NVI17_D10,False
reward,5,0,5,BMI,191114_NVI17_D10,False
bmi,74453,-3,7,BMI,191114_NVI17_D10,False
holo,0,0,6,BMI,191114_NVI17_D10,False
frames,79881,0,1,HoloVTA_pretrain,191114_NVI17_D10,False
reward,100,0,5,HoloVTA_pretrain,191114_NVI17_D10,False
bmi,78051,-3,7,HoloVTA_pretrain,191114_NVI17_D10,False
holo,111,-99,6,HoloVTA_pretrain,191114_NVI17_D10,False
frames,2600,0,1,holostim_seq,191114_NVI17_D10,False
reward,0,0,5,holostim_seq,191114_NVI17_D10,False
bmi,2600,0,1,holostim_seq,191114_NVI17_D10,False
holo,38,0,6,holostim_seq,191114_NVI17_D10,False
frames,27000,0,1,baseline,191116_NVI22_D12,False
reward,0,0,5,baseline,191116_NVI22_D12,False
bmi,25670,-2,7,baseline,191116_NVI22_D12,False
holo,0,0,6,baseline,191116_NVI22_D12,False
frames,75600,0,1,BMI,191116_NVI22_D12,False
reward,29,0,5,BMI,191116_NVI22_D12,False
bmi,74388,-2,7,BMI,191116_NVI22_D12,False
holo,0,0,6,BMI,191116_NVI22_D12,False
frames,76088,0,1,HoloVTA_pretrain,191116_NVI22_D12,False
reward,105,0,5,HoloVTA_pretrain,191116_NVI22_D12,False
bmi,74373,-3,7,HoloVTA_pretrain,191116_NVI22_D12,False
holo,114,-96,6,HoloVTA_pretrain,191116_NVI22_D12,False
frames,3100,0,1,holostim_seq,191116_NVI22_D12,False
reward,0,0,5,holostim_seq,191116_NVI22_D12,False
bmi,3100,1,1,holostim_seq,191116_NVI22_D12,False
holo,46,0,6,holostim_seq,191116_NVI22_D12,False
frames,27000,0,1,baseline,191116_NVI20_D12,False
reward,0,0,5,baseline,191116_NVI20_D12,False
bmi,26586,-2,7,baseline,191116_NVI20_D12,False
holo,0,0,6,baseline,191116_NVI20_D12,False
frames,75600,0,1,BMI,191116_NVI20_D12,False
reward,40,-2,5,BMI,191116_NVI20_D12,False
bmi,72201,-3,7,BMI,191116_NVI20_D12,False
holo,0,0,6,BMI,191116_NVI20_D12,False
frames,98117,0,1,HoloVTA_pretrain,191116_NVI20_D12,False
reward,100,0,5,HoloVTA_pretrain,191116_NVI20_D12,False
bmi,96295,-3,7,HoloVTA_pretrain,191116_NVI20_D12,False
holo,145,-65,6,HoloVTA_pretrain,191116_NVI20_D12,False
frames,2900,0,1,holostim_seq,191116_NVI20_D12,False
reward,0,0,5,holostim_seq,191116_NVI20_D12,False
bmi,2900,0,1,holostim_seq,191116_NVI20_D12,False
holo,44,0,6,holostim_seq,191116_NVI20_D12,False
frames,27000,0,1,baseline,191116_NVI17_D12,False
reward,0,0,5,baseline,191116_NVI17_D12,False
bmi,26603,-2,7,baseline,191116_NVI17_D12,False
holo,0,0,6,baseline,191116_NVI17_D12,False
frames,75600,0,1,BMI,191116_NVI17_D12,False
reward,6,0,5,BMI,191116_NVI17_D12,False
bmi,72843,-2,7,BMI,191116_NVI17_D12,False
holo,0,0,6,BMI,191116_NVI17_D12,False
frames,77583,0,1,HoloVTA_pretrain,191116_NVI17_D12,False
reward,98,0,5,HoloVTA_pretrain,191116_NVI17_D12,False
bmi,76411,-3,7,HoloVTA_pretrain,191116_NVI17_D12,False
holo,117,-93,6,HoloVTA_pretrain,191116_NVI17_D12,False
frames,2900,0,1,holostim_seq,191116_NVI17_D12,False
reward,0,0,5,holostim_seq,191116_NVI17_D12,False
bmi,2899,0,7,holostim_seq,191116_NVI17_D12,False
holo,44,0,6,holostim_seq,191116_NVI17_D12,False
frames,27000,0,1,baseline,191118_NVI22_D14,False
reward,0,0,5,baseline,191118_NVI22_D14,False
bmi,26157,-1,7,baseline,191118_NVI22_D14,False
holo,0,0,6,baseline,191118_NVI22_D14,False
frames,75600,0,1,BMI,191118_NVI22_D14,False
reward,20,0,5,BMI,191118_NVI22_D14,False
bmi,74486,-2,7,BMI,191118_NVI22_D14,False
holo,0,0,6,BMI,191118_NVI22_D14,False
frames,83349,0,1,HoloVTA_pretrain,191118_NVI22_D14,True
reward,100,0,5,HoloVTA_pretrain,191118_NVI22_D14,True
bmi,81697,-14,7,HoloVTA_pretrain,191118_NVI22_D14,True
holo,123,-87,6,HoloVTA_pretrain,191118_NVI22_D14,True
frames,3400,0,1,holostim_seq,191118_NVI22_D14,False
reward,0,0,5,holostim_seq,191118_NVI22_D14,False
bmi,3400,0,1,holostim_seq,191118_NVI22_D14,False
holo,51,0,6,holostim_seq,191118_NVI22_D14,False
frames,27000,0,1,baseline,191118_NVI20_D14,False
reward,0,0,5,baseline,191118_NVI20_D14,False
bmi,25958,-2,7,baseline,191118_NVI20_D14,False
holo,0,0,6,baseline,191118_NVI20_D14,False
frames,75600,0,1,BMI,191118_NVI20_D14,False
reward,11,0,5,BMI,191118_NVI20_D14,False
bmi,74633,-2,7,BMI,191118_NVI20_D14,False
holo,0,0,6,BMI,191118_NVI20_D14,False
frames,80816,0,1,HoloVTA_pretrain,191118_NVI20_D14,False
reward,100,0,5,HoloVTA_pretrain,191118_NVI20_D14,False
bmi,79742,-3,7,HoloVTA_pretrain,191118_NVI20_D14,False
holo,121,-89,6,HoloVTA_pretrain,191118_NVI20_D14,False
frames,4200,0,1,holostim_seq,191118_NVI20_D14,False
reward,0,0,5,holostim_seq,191118_NVI20_D14,False
bmi,4197,-1,7,holostim_seq,191118_NVI20_D14,False
holo,64,0,6,holostim_seq,191118_NVI20_D14,False
frames,27000,0,1,baseline,191120_NVI22_D16,False
reward,0,0,5,baseline,191120_NVI22_D16,False
bmi,26592,-2,7,baseline,191120_NVI22_D16,False
holo,0,0,6,baseline,191120_NVI22_D16,False
frames,75600,0,1,BMI,191120_NVI22_D16,False
reward,11,0,5,BMI,191120_NVI22_D16,False
bmi,74488,-3,7,BMI,191120_NVI22_D16,False
holo,0,0,6,BMI,191120_NVI22_D16,False
frames,83797,0,1,HoloVTA_pretrain,191120_NVI22_D16,False
reward,100,0,5,HoloVTA_pretrain,191120_NVI22_D16,False
bmi,82561,-2,7,HoloVTA_pretrain,191120_NVI22_D16,False
holo,122,-88,6,HoloVTA_pretrain,191120_NVI22_D16,False
frames,3800,0,1,holostim_seq,191120_NVI22_D16,False
reward,0,0,5,holostim_seq,191120_NVI22_D16,False
bmi,3800,0,1,holostim_seq,191120_NVI22_D16,False
holo,56,0,6,holostim_seq,191120_NVI22_D16,False
frames,27000,0,1,baseline,191120_NVI20_D16,False
reward,0,0,5,baseline,191120_NVI20_D16,False
bmi,25498,-1,7,baseline,191120_NVI20_D16,False
holo,0,0,6,baseline,191120_NVI20_D16,False
frames,75600,0,1,BMI,191120_NVI20_D16,False
reward,37,-1,5,BMI,191120_NVI20_D16,False
bmi,74596,-2,7,BMI,191120_NVI20_D16,False
holo,0,0,6,BMI,191120_NVI20_D16,False
frames,75878,0,1,HoloVTA_pretrain,191120_NVI20_D16,False
reward,100,0,5,HoloVTA_pretrain,191120_NVI20_D16,False
bmi,74160,-3,7,HoloVTA_pretrain,191120_NVI20_D16,False
holo,116,-94,6,HoloVTA_pretrain,191120_NVI20_D16,False
frames,3300,0,1,holostim_seq,191120_NVI20_D16,False
reward,0,0,5,holostim_seq,191120_NVI20_D16,False
bmi,3300,0,1,holostim_seq,191120_NVI20_D16,False
holo,50,0,6,holostim_seq,191120_NVI20_D16,False
frames,27000,0,1,baseline,191120_NVI17_D16,False
reward,0,0,5,baseline,191120_NVI17_D16,False
bmi,25499,-1,7,baseline,191120_NVI17_D16,False
holo,0,0,6,baseline,191120_NVI17_D16,False
frames,75600,0,1,BMI,191120_NVI17_D16,True
reward,3,0,5,BMI,191120_NVI17_D16,True
bmi,72570,-1407,7,BMI,191120_NVI17_D16,True
holo,0,0,6,BMI,191120_NVI17_D16,True
frames,76132,0,1,HoloVTA_pretrain,191120_NVI17_D16,False
reward,102,0,5,HoloVTA_pretrain,191120_NVI17_D16,False
bmi,72655,-3,7,HoloVTA_pretrain,191120_NVI17_D16,False
holo,113,-97,6,HoloVTA_pretrain,191120_NVI17_D16,False
frames,3300,0,1,holostim_seq,191120_NVI17_D16,False
reward,0,0,5,holostim_seq,191120_NVI17_D16,False
bmi,3300,0,1,holostim_seq,191120_NVI17_D16,False
holo,49,0,6,holostim_seq,191120_NVI17_D16,False
frames,27000,0,1,baseline,191122_NVI22_D18,False
reward,0,0,5,baseline,191122_NVI22_D18,False
bmi,26320,-2,7,baseline,191122_NVI22_D18,False
holo,0,0,6,baseline,191122_NVI22_D18,False
frames,75600,0,1,BMI,191122_NVI22_D18,False
reward,27,0,5,BMI,191122_NVI22_D18,False
bmi,74461,-3,7,BMI,191122_NVI22_D18,False
holo,0,0,6,BMI,191122_NVI22_D18,False
frames,76244,0,1,HoloVTA_pretrain,191122_NVI22_D18,False
reward,101,0,5,HoloVTA_pretrain,191122_NVI22_D18,False
bmi,75006,-3,7,HoloVTA_pretrain,191122_NVI22_D18,False
holo,117,-93,6,HoloVTA_pretrain,191122_NVI22_D18,False
frames,4200,0,1,holostim_seq,191122_NVI22_D18,False
reward,0,0,5,holostim_seq,191122_NVI22_D18,False
bmi,4197,-1,7,holostim_seq,191122_NVI22_D18,False
holo,64,0,6,holostim_seq,191122_NVI22_D18,False
frames,27000,0,1,baseline,191122_NVI20_D18,False
reward,0,0,5,baseline,191122_NVI20_D18,False
bmi,25917,0,7,baseline,191122_NVI20_D18,False
holo,0,0,6,baseline,191122_NVI20_D18,False
frames,75600,0,1,VTA_pretrain,191122_NVI20_D18,False
reward,0,0,0,VTA_pretrain,191122_NVI20_D18,False
bmi,73118,-3,7,VTA_pretrain,191122_NVI20_D18,False
holo,0,0,0,VTA_pretrain,191122_NVI20_D18,False
frames,75600,0,1,BMI,191122_NVI20_D18,False
reward,41,0,5,BMI,191122_NVI20_D18,False
bmi,72645,-3,7,BMI,191122_NVI20_D18,False
holo,0,0,6,BMI,191122_NVI20_D18,False
frames,3100,0,1,holostim_seq,191122_NVI20_D18,False
reward,0,0,5,holostim_seq,191122_NVI20_D18,False
bmi,3100,0,1,holostim_seq,191122_NVI20_D18,False
holo,47,0,6,holostim_seq,191122_NVI20_D18,False
frames,27000,0,1,baseline,191122_NVI17_D18,False
reward,0,0,5,baseline,191122_NVI17_D18,False
bmi,25836,-1,7,baseline,191122_NVI17_D18,False
holo,0,0,6,baseline,191122_NVI17_D18,False
frames,75600,0,1,BMI,191122_NVI17_D18,False
reward,44,-1,5,BMI,191122_NVI17_D18,False
bmi,74296,-3,7,BMI,191122_NVI17_D18,False
holo,0,0,6,BMI,191122_NVI17_D18,False
frames,75738,0,1,HoloVTA_pretrain,191122_NVI17_D18,False
reward,100,0,5,HoloVTA_pretrain,191122_NVI17_D18,False
bmi,74099,-3,7,HoloVTA_pretrain,191122_NVI17_D18,False
holo,110,-100,6,HoloVTA_pretrain,191122_NVI17_D18,False
frames,3400,0,1,holostim_seq,191122_NVI17_D18,False
reward,0,0,5,holostim_seq,191122_NVI17_D18,False
bmi,3400,0,1,holostim_seq,191122_NVI17_D18,False
holo,52,0,6,holostim_seq,191122_NVI17_D18,False
